Location ID,Location Name,Location City,Location State,Stylists on Website,Has Sola Pro Account,Has SolaGenius Account
433,Hazel Dell Marketplace,Vancouver ,Washington,0, , 
431,Mill Creek, 98012-5311 ,Washington,0, , 
430,Cinco Ranch Near La Centerra-Veranda,Katy,Texas,13,#<ActiveRecord::AssociationRelation::ActiveRecord_AssociationRelation_Stylist:0x007fec27caffb0>,#<ActiveRecord::AssociationRelation::ActiveRecord_AssociationRelation_Stylist:0x007fec27caef20>
429,Arlington Heights,Arlington Heights,Illinois,0, , 
428,Maple Crossings,Amherst,New York,0, , 
427,Powell,Powell,Ohio,0, , 
426,Brookfield,Brookfield,Wisconsin,0, , 
425,Fremont,Fremont,California,0, , 
424,Lake Lorraine,Sioux Falls,South Dakota,12,#<ActiveRecord::AssociationRelation::ActiveRecord_AssociationRelation_Stylist:0x007fec25a12de0>,#<ActiveRecord::AssociationRelation::ActiveRecord_AssociationRelation_Stylist:0x007fec25a11d50>
423,Clairemont,San Diego,California,1, , 
422,Bellevue,Bellevue,Tennessee,17,#<ActiveRecord::AssociationRelation::ActiveRecord_AssociationRelation_Stylist:0x007fec281e0890>,#<ActiveRecord::AssociationRelation::ActiveRecord_AssociationRelation_Stylist:0x007fec259db750>
421,Central Park - Fredericksburg,Fredericksburg,Virginia,3,#<ActiveRecord::AssociationRelation::ActiveRecord_AssociationRelation_Stylist:0x007fec259b14a0>, 
419,Columbia,Columbia,Maryland,3, , 
418,Little Elm Marketplace,Little Elm,Texas,3, , 
417,Natick,Natick,Massachusetts,0, , 
415,Fort Washington,Fresno,California,31,#<ActiveRecord::AssociationRelation::ActiveRecord_AssociationRelation_Stylist:0x007fec25950a88>,#<ActiveRecord::AssociationRelation::ActiveRecord_AssociationRelation_Stylist:0x007fec2824b960>
414,Pikesville,Pikesville,Maryland,4,#<ActiveRecord::AssociationRelation::ActiveRecord_AssociationRelation_Stylist:0x007fec2591aa28>,#<ActiveRecord::AssociationRelation::ActiveRecord_AssociationRelation_Stylist:0x007fec28263628>
412,Riverside,Riverside,California,0, , 
411,Sarasota Pavilion,Sarasota,Florida,4, , 
410,Anderson Township,Cincinnati,Ohio,2,#<ActiveRecord::AssociationRelation::ActiveRecord_AssociationRelation_Stylist:0x007fec27d26e30>,#<ActiveRecord::AssociationRelation::ActiveRecord_AssociationRelation_Stylist:0x007fec27d25da0>
409,Mark Beesley,Wilmington,NC,8,#<ActiveRecord::AssociationRelation::ActiveRecord_AssociationRelation_Stylist:0x007fec27d3eda0>, 
408,Strip District,Pittsburgh,Pennsylvania,16,#<ActiveRecord::AssociationRelation::ActiveRecord_AssociationRelation_Stylist:0x007fec282abe50>,#<ActiveRecord::AssociationRelation::ActiveRecord_AssociationRelation_Stylist:0x007fec282aadc0>
407,Bakersfield,Bakersfield,California,11,#<ActiveRecord::AssociationRelation::ActiveRecord_AssociationRelation_Stylist:0x007fec254a0718>, 
406,Westerville,Westerville,Ohio,1, , 
405,Brandywine Town Center,Wilmington,Delaware,14, , 
404,Pelham@85,Greenville,South Carolina,14,#<ActiveRecord::AssociationRelation::ActiveRecord_AssociationRelation_Stylist:0x007fec27d9fbc8>, 
403,Monrovia,Monrovia,California,0, , 
402,Rochester Hills,Rochester Hills,Michigan,0, , 
401,Topeka,Topeka,Kansas,10,#<ActiveRecord::AssociationRelation::ActiveRecord_AssociationRelation_Stylist:0x007fec25408260>,#<ActiveRecord::AssociationRelation::ActiveRecord_AssociationRelation_Stylist:0x007fec28313190>
400,Eden Prairie,Eden Prairie,Minnesota,20,#<ActiveRecord::AssociationRelation::ActiveRecord_AssociationRelation_Stylist:0x007fec27db7778>, 
399,Champaign Commons,Champaign,Illinois,8,#<ActiveRecord::AssociationRelation::ActiveRecord_AssociationRelation_Stylist:0x007fec27dccec0>,#<ActiveRecord::AssociationRelation::ActiveRecord_AssociationRelation_Stylist:0x007fec253c28c8>
398,Scottsdale,Scottsdale,Arizona,15,#<ActiveRecord::AssociationRelation::ActiveRecord_AssociationRelation_Stylist:0x007fec27dec8b0>, 
397,Lexington Square,Lexington,South Carolina,20,#<ActiveRecord::AssociationRelation::ActiveRecord_AssociationRelation_Stylist:0x007fec27e0cf20>,#<ActiveRecord::AssociationRelation::ActiveRecord_AssociationRelation_Stylist:0x007fec25383718>
396,Sola Salons Sunset Ridge (Alamo Heights),San Antonio,Texas,14,#<ActiveRecord::AssociationRelation::ActiveRecord_AssociationRelation_Stylist:0x007fec28350338>, 
395,Howard,Green Bay,Wisconsin,11,#<ActiveRecord::AssociationRelation::ActiveRecord_AssociationRelation_Stylist:0x007fec28373180>, 
394,Jupiter,Jupiter,Florida,7,#<ActiveRecord::AssociationRelation::ActiveRecord_AssociationRelation_Stylist:0x007fec2838b848>,#<ActiveRecord::AssociationRelation::ActiveRecord_AssociationRelation_Stylist:0x007fec2838a7b8>
393,Dewitt,Dewitt,New York,14,#<ActiveRecord::AssociationRelation::ActiveRecord_AssociationRelation_Stylist:0x007fec25359ee0>,#<ActiveRecord::AssociationRelation::ActiveRecord_AssociationRelation_Stylist:0x007fec27e37158>
392,McKnight Road,Pittsburgh,Pennsylvania,3,#<ActiveRecord::AssociationRelation::ActiveRecord_AssociationRelation_Stylist:0x007fec283b37d0>,#<ActiveRecord::AssociationRelation::ActiveRecord_AssociationRelation_Stylist:0x007fec283b2740>
391,Galleria of Mount Lebanon,Pittsburgh,Pennsylvania,18,#<ActiveRecord::AssociationRelation::ActiveRecord_AssociationRelation_Stylist:0x007fec283c8180>,#<ActiveRecord::AssociationRelation::ActiveRecord_AssociationRelation_Stylist:0x007fec283d38a0>
390,South Loop,Chicago,Illinois,27,#<ActiveRecord::AssociationRelation::ActiveRecord_AssociationRelation_Stylist:0x007fec283e9510>,#<ActiveRecord::AssociationRelation::ActiveRecord_AssociationRelation_Stylist:0x007fec283e8480>
389,Westminster,Westminster,Colorado,42,#<ActiveRecord::AssociationRelation::ActiveRecord_AssociationRelation_Stylist:0x007fec27e6dac8>,#<ActiveRecord::AssociationRelation::ActiveRecord_AssociationRelation_Stylist:0x007fec27e6ca38>
388,Homewood,Homewood,Alabama,18,#<ActiveRecord::AssociationRelation::ActiveRecord_AssociationRelation_Stylist:0x007fec284417d8>,#<ActiveRecord::AssociationRelation::ActiveRecord_AssociationRelation_Stylist:0x007fec28440748>
387,Murrieta Plaza,Murrieta,California,51,#<ActiveRecord::AssociationRelation::ActiveRecord_AssociationRelation_Stylist:0x007fec27e8c090>,#<ActiveRecord::AssociationRelation::ActiveRecord_AssociationRelation_Stylist:0x007fec2526ae80>
386,San Rafael,San Rafael,California,4,#<ActiveRecord::AssociationRelation::ActiveRecord_AssociationRelation_Stylist:0x007fec28469ee0>,#<ActiveRecord::AssociationRelation::ActiveRecord_AssociationRelation_Stylist:0x007fec28468e50>
385,Mayfaire,Wilmington,North Carolina,28,#<ActiveRecord::AssociationRelation::ActiveRecord_AssociationRelation_Stylist:0x007fec2582b720>,#<ActiveRecord::AssociationRelation::ActiveRecord_AssociationRelation_Stylist:0x007fec2582a578>
384,Federal Way,Federal Way,Washington,21,#<ActiveRecord::AssociationRelation::ActiveRecord_AssociationRelation_Stylist:0x007fec45b805e0>,#<ActiveRecord::AssociationRelation::ActiveRecord_AssociationRelation_Stylist:0x007fec46ab05b0>
383,Oceanside,Oceanside,California,24,#<ActiveRecord::AssociationRelation::ActiveRecord_AssociationRelation_Stylist:0x007fec4ac805a8>,#<ActiveRecord::AssociationRelation::ActiveRecord_AssociationRelation_Stylist:0x007fec4b3126c8>
382,Beverly Hills,"Beverly Hills, CA",California,13,#<ActiveRecord::AssociationRelation::ActiveRecord_AssociationRelation_Stylist:0x007fec4c9d0e78>,#<ActiveRecord::AssociationRelation::ActiveRecord_AssociationRelation_Stylist:0x007fec4c9eb0e8>
381,Oakville,Oakville,Ontario,0, , 
380,Leaside,Toronto,Ontario,4,#<ActiveRecord::AssociationRelation::ActiveRecord_AssociationRelation_Stylist:0x007fec2e0aa2e0>, 
379,1620 York,Timonium,Maryland,31,#<ActiveRecord::AssociationRelation::ActiveRecord_AssociationRelation_Stylist:0x007fec2d98aa50>,#<ActiveRecord::AssociationRelation::ActiveRecord_AssociationRelation_Stylist:0x007fec2d9ea1f8>
378,Novi,Novi,Michigan,8,#<ActiveRecord::AssociationRelation::ActiveRecord_AssociationRelation_Stylist:0x007fec2dedb810>,#<ActiveRecord::AssociationRelation::ActiveRecord_AssociationRelation_Stylist:0x007fec2dee8470>
377,Battleground Village,Greensboro,North Carolina,25,#<ActiveRecord::AssociationRelation::ActiveRecord_AssociationRelation_Stylist:0x007fec2f87bc20>,#<ActiveRecord::AssociationRelation::ActiveRecord_AssociationRelation_Stylist:0x007fec2f1fbb20>
376,Crossroads,Rochester,Minnesota,32,#<ActiveRecord::AssociationRelation::ActiveRecord_AssociationRelation_Stylist:0x007fec2f98b7f0>,#<ActiveRecord::AssociationRelation::ActiveRecord_AssociationRelation_Stylist:0x007fec2f9c1878>
375,Naperville,Naperville,Illinois,4,#<ActiveRecord::AssociationRelation::ActiveRecord_AssociationRelation_Stylist:0x007fec2f649420>, 
374,Needham,Needham,Massachusetts,6,#<ActiveRecord::AssociationRelation::ActiveRecord_AssociationRelation_Stylist:0x007fec30802298>,#<ActiveRecord::AssociationRelation::ActiveRecord_AssociationRelation_Stylist:0x007fec2f7eea28>
373,Avon (Indiana),Avon,Indiana,12,#<ActiveRecord::AssociationRelation::ActiveRecord_AssociationRelation_Stylist:0x007fec308e1628>,#<ActiveRecord::AssociationRelation::ActiveRecord_AssociationRelation_Stylist:0x007fec30942338>
372,Attleboro,Attleboro,Massachusetts,13,#<ActiveRecord::AssociationRelation::ActiveRecord_AssociationRelation_Stylist:0x007fec31348be8>,#<ActiveRecord::AssociationRelation::ActiveRecord_AssociationRelation_Stylist:0x007fec313624d0>
371,Perry Creek Shopping Center,Sioux City,Iowa,2,#<ActiveRecord::AssociationRelation::ActiveRecord_AssociationRelation_Stylist:0x007fec3157aad8>, 
370,Kickapoo Corners Shopping Center,Springfield,Missouri,22,#<ActiveRecord::AssociationRelation::ActiveRecord_AssociationRelation_Stylist:0x007fec31638010>,#<ActiveRecord::AssociationRelation::ActiveRecord_AssociationRelation_Stylist:0x007fec3165b7e0>
369,Grove City,Grove City,Ohio,16,#<ActiveRecord::AssociationRelation::ActiveRecord_AssociationRelation_Stylist:0x007fec316caa28>,#<ActiveRecord::AssociationRelation::ActiveRecord_AssociationRelation_Stylist:0x007fec316c96f0>
368,Greenwood,Greenwood,Indiana,25,#<ActiveRecord::AssociationRelation::ActiveRecord_AssociationRelation_Stylist:0x007fec30ee1208>,#<ActiveRecord::AssociationRelation::ActiveRecord_AssociationRelation_Stylist:0x007fec30ef9ce0>
367,Coconut Point,Estero,Florida,23,#<ActiveRecord::AssociationRelation::ActiveRecord_AssociationRelation_Stylist:0x007fec3209acd8>,#<ActiveRecord::AssociationRelation::ActiveRecord_AssociationRelation_Stylist:0x007fec320998d8>
366,Poway,Poway,California,28,#<ActiveRecord::AssociationRelation::ActiveRecord_AssociationRelation_Stylist:0x007fec321fa290>,#<ActiveRecord::AssociationRelation::ActiveRecord_AssociationRelation_Stylist:0x007fec321f90e8>
365,Southside,Savannah,Georgia,16,#<ActiveRecord::AssociationRelation::ActiveRecord_AssociationRelation_Stylist:0x007fec32c41a00>,#<ActiveRecord::AssociationRelation::ActiveRecord_AssociationRelation_Stylist:0x007fec32c49250>
364,Matthews Festival,Matthews,North Carolina,15,#<ActiveRecord::AssociationRelation::ActiveRecord_AssociationRelation_Stylist:0x007fec32dba1c0>,#<ActiveRecord::AssociationRelation::ActiveRecord_AssociationRelation_Stylist:0x007fec32dcb4e8>
363,Greene Crossing,Beavercreek,Ohio,22,#<ActiveRecord::AssociationRelation::ActiveRecord_AssociationRelation_Stylist:0x007fec32e839a8>,#<ActiveRecord::AssociationRelation::ActiveRecord_AssociationRelation_Stylist:0x007fec32e8aca8>
361,Paso Robles,Paso Robles,California,15,#<ActiveRecord::AssociationRelation::ActiveRecord_AssociationRelation_Stylist:0x007fec32663160>,#<ActiveRecord::AssociationRelation::ActiveRecord_AssociationRelation_Stylist:0x007fec3385bac0>
360,Westland,Westland,Michigan,26,#<ActiveRecord::AssociationRelation::ActiveRecord_AssociationRelation_Stylist:0x007fec5ac5d368>,#<ActiveRecord::AssociationRelation::ActiveRecord_AssociationRelation_Stylist:0x007fec5ac65b30>
359,The Marketplace,Tustin,California,22,#<ActiveRecord::AssociationRelation::ActiveRecord_AssociationRelation_Stylist:0x007fec33be2d88>, 
357,South Seattle - Southcenter,Tukwila,Washington,41,#<ActiveRecord::AssociationRelation::ActiveRecord_AssociationRelation_Stylist:0x007fec348b9a20>,#<ActiveRecord::AssociationRelation::ActiveRecord_AssociationRelation_Stylist:0x007fec348c2bc0>
356,Oaks Mall,Gainesville,Florida,30,#<ActiveRecord::AssociationRelation::ActiveRecord_AssociationRelation_Stylist:0x007fec33e48a00>,#<ActiveRecord::AssociationRelation::ActiveRecord_AssociationRelation_Stylist:0x007fec33e635a8>
355,Myrtle Beach,Myrtle Beach,South Carolina,29,#<ActiveRecord::AssociationRelation::ActiveRecord_AssociationRelation_Stylist:0x007fec350ba710>,#<ActiveRecord::AssociationRelation::ActiveRecord_AssociationRelation_Stylist:0x007fec350d3cb0>
354,Uptown Phoenix,Phoenix,Arizona,18,#<ActiveRecord::AssociationRelation::ActiveRecord_AssociationRelation_Stylist:0x007fec283e8548>,#<ActiveRecord::AssociationRelation::ActiveRecord_AssociationRelation_Stylist:0x007fec283d3468>
353,Rogers Pointe Olathe,Olathe,Kansas,21,#<ActiveRecord::AssociationRelation::ActiveRecord_AssociationRelation_Stylist:0x007fec27de5880>,#<ActiveRecord::AssociationRelation::ActiveRecord_AssociationRelation_Stylist:0x007fec27de46b0>
352,The Summit,Lees Summit,Missouri,20,#<ActiveRecord::AssociationRelation::ActiveRecord_AssociationRelation_Stylist:0x007fec282aadc0>,#<ActiveRecord::AssociationRelation::ActiveRecord_AssociationRelation_Stylist:0x007fec282a9d30>
350,West Bloomfield,West Bloomfield,Michigan,13,#<ActiveRecord::AssociationRelation::ActiveRecord_AssociationRelation_Stylist:0x007fec281fb7a8>,#<ActiveRecord::AssociationRelation::ActiveRecord_AssociationRelation_Stylist:0x007fec281fa560>
349,Hauppauge,Hauppauge,New York,23,#<ActiveRecord::AssociationRelation::ActiveRecord_AssociationRelation_Stylist:0x007fec28149990>,#<ActiveRecord::AssociationRelation::ActiveRecord_AssociationRelation_Stylist:0x007fec28148838>
346,Costco Way,Bellevue,Wisconsin,27,#<ActiveRecord::AssociationRelation::ActiveRecord_AssociationRelation_Stylist:0x007fec27bb3198>,#<ActiveRecord::AssociationRelation::ActiveRecord_AssociationRelation_Stylist:0x007fec27bb1fa0>
345,Upland Town Square,Upland,California,35,#<ActiveRecord::AssociationRelation::ActiveRecord_AssociationRelation_Stylist:0x007fec26e79068>,#<ActiveRecord::AssociationRelation::ActiveRecord_AssociationRelation_Stylist:0x007fec26e53f70>
344,Westview South ,Frederick,Maryland,17,#<ActiveRecord::AssociationRelation::ActiveRecord_AssociationRelation_Stylist:0x007fec26dc90f0>,#<ActiveRecord::AssociationRelation::ActiveRecord_AssociationRelation_Stylist:0x007fec26dc8060>
343,Castro Valley,Castro Valley,California,23,#<ActiveRecord::AssociationRelation::ActiveRecord_AssociationRelation_Stylist:0x007fec27a63b30>,#<ActiveRecord::AssociationRelation::ActiveRecord_AssociationRelation_Stylist:0x007fec27a62aa0>
342,Harrisburg Pike,Lancaster,Pennsylvania,12,#<ActiveRecord::AssociationRelation::ActiveRecord_AssociationRelation_Stylist:0x007fec279715b0>,#<ActiveRecord::AssociationRelation::ActiveRecord_AssociationRelation_Stylist:0x007fec27970520>
341,Oregon Pike,Lancaster,Pennsylvania,10,#<ActiveRecord::AssociationRelation::ActiveRecord_AssociationRelation_Stylist:0x007fec278822a8>, 
340,Heights West,Houston,Texas,31,#<ActiveRecord::AssociationRelation::ActiveRecord_AssociationRelation_Stylist:0x007fec267b0290>,#<ActiveRecord::AssociationRelation::ActiveRecord_AssociationRelation_Stylist:0x007fec2678b1c0>
339,Brighton,Brighton,Michigan,28,#<ActiveRecord::AssociationRelation::ActiveRecord_AssociationRelation_Stylist:0x007fec26693c40>,#<ActiveRecord::AssociationRelation::ActiveRecord_AssociationRelation_Stylist:0x007fec26692bb0>
338,Pasadena,Pasadena,Texas,31,#<ActiveRecord::AssociationRelation::ActiveRecord_AssociationRelation_Stylist:0x007fec26bca2e0>,#<ActiveRecord::AssociationRelation::ActiveRecord_AssociationRelation_Stylist:0x007fec26bc9188>
337,Sugar House,Salt Lake City,Utah,16,#<ActiveRecord::AssociationRelation::ActiveRecord_AssociationRelation_Stylist:0x007fec26462ac0>,#<ActiveRecord::AssociationRelation::ActiveRecord_AssociationRelation_Stylist:0x007fec264619e0>
336,Powers Blvd.,Colorado Springs,Colorado,43,#<ActiveRecord::AssociationRelation::ActiveRecord_AssociationRelation_Stylist:0x007fec262eb7c8>,#<ActiveRecord::AssociationRelation::ActiveRecord_AssociationRelation_Stylist:0x007fec262ea620>
335,Blakeney,Charlotte,North Carolina,26,#<ActiveRecord::AssociationRelation::ActiveRecord_AssociationRelation_Stylist:0x007fec26239af0>,#<ActiveRecord::AssociationRelation::ActiveRecord_AssociationRelation_Stylist:0x007fec26238880>
334,Chandler,Chandler,Arizona,34,#<ActiveRecord::AssociationRelation::ActiveRecord_AssociationRelation_Stylist:0x007fec25ee3540>,#<ActiveRecord::AssociationRelation::ActiveRecord_AssociationRelation_Stylist:0x007fec25ee0958>
333,Vero Beach,Vero Beach,Florida,22,#<ActiveRecord::AssociationRelation::ActiveRecord_AssociationRelation_Stylist:0x007fec25d50688>,#<ActiveRecord::AssociationRelation::ActiveRecord_AssociationRelation_Stylist:0x007fec2615be58>
332,New Town - Williamsburg,Williamsburg,Virginia,0, , 
331,Lewisville,Lewisville,Texas,7,#<ActiveRecord::AssociationRelation::ActiveRecord_AssociationRelation_Stylist:0x007fec257efa18>, 
330,Greenbrier,Chesapeake,Virginia,37,#<ActiveRecord::AssociationRelation::ActiveRecord_AssociationRelation_Stylist:0x007fec2577a538>,#<ActiveRecord::AssociationRelation::ActiveRecord_AssociationRelation_Stylist:0x007fec25d120e0>
329,Shelby Township,Shelby Township,Michigan,32,#<ActiveRecord::AssociationRelation::ActiveRecord_AssociationRelation_Stylist:0x007fec25721370>,#<ActiveRecord::AssociationRelation::ActiveRecord_AssociationRelation_Stylist:0x007fec25711c18>
328,San Jose - Rose Garden,San Jose,California,27,#<ActiveRecord::AssociationRelation::ActiveRecord_AssociationRelation_Stylist:0x007fec259c9e88>,#<ActiveRecord::AssociationRelation::ActiveRecord_AssociationRelation_Stylist:0x007fec259c8c18>
327,San Jose - Blossom Hill,San Jose,California,28,#<ActiveRecord::AssociationRelation::ActiveRecord_AssociationRelation_Stylist:0x007fec25488ac8>,#<ActiveRecord::AssociationRelation::ActiveRecord_AssociationRelation_Stylist:0x007fec25479168>
326,Spokane,Spokane,Washington,20,#<ActiveRecord::AssociationRelation::ActiveRecord_AssociationRelation_Stylist:0x007fec2587b680>,#<ActiveRecord::AssociationRelation::ActiveRecord_AssociationRelation_Stylist:0x007fec2587a5c8>
325,Fleming Island,Fleming Island,Florida,23,#<ActiveRecord::AssociationRelation::ActiveRecord_AssociationRelation_Stylist:0x007fec252b9af8>,#<ActiveRecord::AssociationRelation::ActiveRecord_AssociationRelation_Stylist:0x007fec252b88b0>
324,Congressional South,Rockville,Maryland,34,#<ActiveRecord::AssociationRelation::ActiveRecord_AssociationRelation_Stylist:0x007fec37f1bc30>,#<ActiveRecord::AssociationRelation::ActiveRecord_AssociationRelation_Stylist:0x007fec2478b190>
322,Orem,Orem,Utah,25,#<ActiveRecord::AssociationRelation::ActiveRecord_AssociationRelation_Stylist:0x007fec2462a058>,#<ActiveRecord::AssociationRelation::ActiveRecord_AssociationRelation_Stylist:0x007fec24628f00>
320,Maple Village,Ann Arbor,Michigan,34,#<ActiveRecord::AssociationRelation::ActiveRecord_AssociationRelation_Stylist:0x007fec25111868>,#<ActiveRecord::AssociationRelation::ActiveRecord_AssociationRelation_Stylist:0x007fec25110738>
319,Waco - Lake Air Court,Waco,Texas,29,#<ActiveRecord::AssociationRelation::ActiveRecord_AssociationRelation_Stylist:0x007fec24f9b628>,#<ActiveRecord::AssociationRelation::ActiveRecord_AssociationRelation_Stylist:0x007fec24f982c0>
318,Clocktower Village,Omaha,Nebraska,25,#<ActiveRecord::AssociationRelation::ActiveRecord_AssociationRelation_Stylist:0x007fec245e8ec8>,#<ActiveRecord::AssociationRelation::ActiveRecord_AssociationRelation_Stylist:0x007fec245dbdb8>
317,The Veridian,Silver Spring,Maryland,31,#<ActiveRecord::AssociationRelation::ActiveRecord_AssociationRelation_Stylist:0x007fec2447b7c0>,#<ActiveRecord::AssociationRelation::ActiveRecord_AssociationRelation_Stylist:0x007fec2446a920>
316,Riverpark,Fresno,California,37,#<ActiveRecord::AssociationRelation::ActiveRecord_AssociationRelation_Stylist:0x007fec24dd9da8>,#<ActiveRecord::AssociationRelation::ActiveRecord_AssociationRelation_Stylist:0x007fec24dc91b0>
315,Clay Terrace,Carmel,Indiana,33,#<ActiveRecord::AssociationRelation::ActiveRecord_AssociationRelation_Stylist:0x007fec24c620b0>,#<ActiveRecord::AssociationRelation::ActiveRecord_AssociationRelation_Stylist:0x007fec24c60e40>
314,Heritage Square,Madison,Alabama,25,#<ActiveRecord::AssociationRelation::ActiveRecord_AssociationRelation_Stylist:0x007fec24b53408>,#<ActiveRecord::AssociationRelation::ActiveRecord_AssociationRelation_Stylist:0x007fec24b52198>
313,Artesia,Artesia,California,39,#<ActiveRecord::AssociationRelation::ActiveRecord_AssociationRelation_Stylist:0x007fec24321348>,#<ActiveRecord::AssociationRelation::ActiveRecord_AssociationRelation_Stylist:0x007fec243122d0>
312,Mid City Market,New Orleans,Louisiana,23,#<ActiveRecord::AssociationRelation::ActiveRecord_AssociationRelation_Stylist:0x007fec24aa9d90>,#<ActiveRecord::AssociationRelation::ActiveRecord_AssociationRelation_Stylist:0x007fec24aa8b48>
311,Airport Boulevard,Mobile,Alabama,26,#<ActiveRecord::AssociationRelation::ActiveRecord_AssociationRelation_Stylist:0x007fec241aaaa0>,#<ActiveRecord::AssociationRelation::ActiveRecord_AssociationRelation_Stylist:0x007fec24a7b2d8>
310,Maplewood,Maplewood,Minnesota,34,#<ActiveRecord::AssociationRelation::ActiveRecord_AssociationRelation_Stylist:0x007fec249a9e18>,#<ActiveRecord::AssociationRelation::ActiveRecord_AssociationRelation_Stylist:0x007fec2499b570>
309,Sola Promontory,Overland Park,Kansas,41,#<ActiveRecord::AssociationRelation::ActiveRecord_AssociationRelation_Stylist:0x007fec24123d98>,#<ActiveRecord::AssociationRelation::ActiveRecord_AssociationRelation_Stylist:0x007fec241133f8>
308,Wilton,Wilton,Connecticut,5,#<ActiveRecord::AssociationRelation::ActiveRecord_AssociationRelation_Stylist:0x007fec227c3588>,#<ActiveRecord::AssociationRelation::ActiveRecord_AssociationRelation_Stylist:0x007fec227b3d40>
307,University Mall - Fairfax,Fairfax,Virginia,31,#<ActiveRecord::AssociationRelation::ActiveRecord_AssociationRelation_Stylist:0x007fec23731808>,#<ActiveRecord::AssociationRelation::ActiveRecord_AssociationRelation_Stylist:0x007fec237304d0>
306,Concord Centre - Springfield,Springfield,Virginia,24,#<ActiveRecord::AssociationRelation::ActiveRecord_AssociationRelation_Stylist:0x007fec235f9f80>,#<ActiveRecord::AssociationRelation::ActiveRecord_AssociationRelation_Stylist:0x007fec235f8810>
305,Yorba Linda,Yorba Linda ,California,20,#<ActiveRecord::AssociationRelation::ActiveRecord_AssociationRelation_Stylist:0x007fec2235bf68>,#<ActiveRecord::AssociationRelation::ActiveRecord_AssociationRelation_Stylist:0x007fec2235ac30>
304,Lake Forest,Lake Forest,California,31,#<ActiveRecord::AssociationRelation::ActiveRecord_AssociationRelation_Stylist:0x007fec22288e60>,#<ActiveRecord::AssociationRelation::ActiveRecord_AssociationRelation_Stylist:0x007fec2226b338>
303,Little Italy,San Diego,California,27,#<ActiveRecord::AssociationRelation::ActiveRecord_AssociationRelation_Stylist:0x007fec23279e00>,#<ActiveRecord::AssociationRelation::ActiveRecord_AssociationRelation_Stylist:0x007fec2326ba08>
302,Lexington Green,Lexington,Kentucky,26,#<ActiveRecord::AssociationRelation::ActiveRecord_AssociationRelation_Stylist:0x007fec23100808>,#<ActiveRecord::AssociationRelation::ActiveRecord_AssociationRelation_Stylist:0x007fec230e17f0>
301,Polaris,Columbus,Ohio,33,#<ActiveRecord::AssociationRelation::ActiveRecord_AssociationRelation_Stylist:0x007fec20f62ed0>,#<ActiveRecord::AssociationRelation::ActiveRecord_AssociationRelation_Stylist:0x007fec20f60338>
300,Centre at Riverchase,Hoover,Alabama,26,#<ActiveRecord::AssociationRelation::ActiveRecord_AssociationRelation_Stylist:0x007fec205199d8>,#<ActiveRecord::AssociationRelation::ActiveRecord_AssociationRelation_Stylist:0x007fec20ad0c50>
299,Pasadena ,Pasadena,California,27,#<ActiveRecord::AssociationRelation::ActiveRecord_AssociationRelation_Stylist:0x007fec20852a78>,#<ActiveRecord::AssociationRelation::ActiveRecord_AssociationRelation_Stylist:0x007fec208229e0>
298,Sunnyvale,Sunnyvale,California,21,#<ActiveRecord::AssociationRelation::ActiveRecord_AssociationRelation_Stylist:0x007fec1f7200c0>,#<ActiveRecord::AssociationRelation::ActiveRecord_AssociationRelation_Stylist:0x007fec1f6e9b38>
297,Steele Creek,Charlotte,North Carolina,24,#<ActiveRecord::AssociationRelation::ActiveRecord_AssociationRelation_Stylist:0x007fec20009d80>,#<ActiveRecord::AssociationRelation::ActiveRecord_AssociationRelation_Stylist:0x007fec200088b8>
296,Orchard Park,West Seneca,New York,20,#<ActiveRecord::AssociationRelation::ActiveRecord_AssociationRelation_Stylist:0x007fec1f312848>,#<ActiveRecord::AssociationRelation::ActiveRecord_AssociationRelation_Stylist:0x007fec1f2f1a58>
295,Edgewater,Edgewater,Maryland,20,#<ActiveRecord::AssociationRelation::ActiveRecord_AssociationRelation_Stylist:0x007fec1f0b0938>,#<ActiveRecord::AssociationRelation::ActiveRecord_AssociationRelation_Stylist:0x007fec1f088190>
294,Lake Mary,Lake Mary,Florida,25,#<ActiveRecord::AssociationRelation::ActiveRecord_AssociationRelation_Stylist:0x007fec1f010190>,#<ActiveRecord::AssociationRelation::ActiveRecord_AssociationRelation_Stylist:0x007fec1dfeadb0>
293,Woodhaven,Woodhaven,Michigan,30,#<ActiveRecord::AssociationRelation::ActiveRecord_AssociationRelation_Stylist:0x007fec1e4db658>,#<ActiveRecord::AssociationRelation::ActiveRecord_AssociationRelation_Stylist:0x007fec1e4da2f8>
292,Rams Plaza,Chapel Hill,North Carolina,28,#<ActiveRecord::AssociationRelation::ActiveRecord_AssociationRelation_Stylist:0x007fec1dc8b700>, 
291,Park Road,Charlotte,North Carolina,26,#<ActiveRecord::AssociationRelation::ActiveRecord_AssociationRelation_Stylist:0x007fec1db83880>,#<ActiveRecord::AssociationRelation::ActiveRecord_AssociationRelation_Stylist:0x007fec1db72e18>
290,Cypress,Cypress,California,39,#<ActiveRecord::AssociationRelation::ActiveRecord_AssociationRelation_Stylist:0x007fec1e1588f0>,#<ActiveRecord::AssociationRelation::ActiveRecord_AssociationRelation_Stylist:0x007fec1e149508>
289,Temecula Bel Villagio,Temecula,California,20,#<ActiveRecord::AssociationRelation::ActiveRecord_AssociationRelation_Stylist:0x007fec1da13d38>,#<ActiveRecord::AssociationRelation::ActiveRecord_AssociationRelation_Stylist:0x007fec3c78b308>
287,Hales Corners Plaza,Hales Corners,Wisconsin,37,#<ActiveRecord::AssociationRelation::ActiveRecord_AssociationRelation_Stylist:0x007fec1d978d38>,#<ActiveRecord::AssociationRelation::ActiveRecord_AssociationRelation_Stylist:0x007fec3c6bbb58>
286,Wexford,Wexford,Pennsylvania,27,#<ActiveRecord::AssociationRelation::ActiveRecord_AssociationRelation_Stylist:0x007fec3bf98588>,#<ActiveRecord::AssociationRelation::ActiveRecord_AssociationRelation_Stylist:0x007fec3bf784b8>
285,McHenry Village,Modesto,California,36,#<ActiveRecord::AssociationRelation::ActiveRecord_AssociationRelation_Stylist:0x007fec3bed9cf0>,#<ActiveRecord::AssociationRelation::ActiveRecord_AssociationRelation_Stylist:0x007fec3bed8918>
284,Clear Lake,Houston,Texas,12,#<ActiveRecord::AssociationRelation::ActiveRecord_AssociationRelation_Stylist:0x007fec3c3708b8>,#<ActiveRecord::AssociationRelation::ActiveRecord_AssociationRelation_Stylist:0x007fec3c343980>
283,West Lakeview,Chicago,Illinois,28,#<ActiveRecord::AssociationRelation::ActiveRecord_AssociationRelation_Stylist:0x007fec3c241668>, 
282,Brea,Brea,California,35,#<ActiveRecord::AssociationRelation::ActiveRecord_AssociationRelation_Stylist:0x007fec3bc7a130>,#<ActiveRecord::AssociationRelation::ActiveRecord_AssociationRelation_Stylist:0x007fec3c1ab550>
281,College Station - Rock Prairie Road,College Station,Texas,22,#<ActiveRecord::AssociationRelation::ActiveRecord_AssociationRelation_Stylist:0x007fec3bbb18e8>,#<ActiveRecord::AssociationRelation::ActiveRecord_AssociationRelation_Stylist:0x007fec3bb9b890>
280,Avondale,Avondale,Arizona,29,#<ActiveRecord::AssociationRelation::ActiveRecord_AssociationRelation_Stylist:0x007fec39c40f40>,#<ActiveRecord::AssociationRelation::ActiveRecord_AssociationRelation_Stylist:0x007fec39c20ce0>
279,North Rochester,Rochester,Minnesota,31,#<ActiveRecord::AssociationRelation::ActiveRecord_AssociationRelation_Stylist:0x007fec3ac41fe8>,#<ActiveRecord::AssociationRelation::ActiveRecord_AssociationRelation_Stylist:0x007fec39af8de0>
278,Altamonte Springs,Altamonte Springs,Florida,25,#<ActiveRecord::AssociationRelation::ActiveRecord_AssociationRelation_Stylist:0x007fec3aa79260>,#<ActiveRecord::AssociationRelation::ActiveRecord_AssociationRelation_Stylist:0x007fec3a610728>
277,Valencia,Valencia,California,34,#<ActiveRecord::AssociationRelation::ActiveRecord_AssociationRelation_Stylist:0x007fec3a560170>,#<ActiveRecord::AssociationRelation::ActiveRecord_AssociationRelation_Stylist:0x007fec397d9998>
276,San Marcos West,San Marcos,California,30,#<ActiveRecord::AssociationRelation::ActiveRecord_AssociationRelation_Stylist:0x007fec396483e0>,#<ActiveRecord::AssociationRelation::ActiveRecord_AssociationRelation_Stylist:0x007fec3a318408>
275,Rosewood Crossing,Columbia,South Carolina,27,#<ActiveRecord::AssociationRelation::ActiveRecord_AssociationRelation_Stylist:0x007fec3a121528>,#<ActiveRecord::AssociationRelation::ActiveRecord_AssociationRelation_Stylist:0x007fec3a1202e0>
274,Westport,Westport,Connecticut,15,#<ActiveRecord::AssociationRelation::ActiveRecord_AssociationRelation_Stylist:0x007fec38d63108>,#<ActiveRecord::AssociationRelation::ActiveRecord_AssociationRelation_Stylist:0x007fec39859af8>
273,Jefferson Commons,Newport News,Virginia,26,#<ActiveRecord::AssociationRelation::ActiveRecord_AssociationRelation_Stylist:0x007fec38a2b530>,#<ActiveRecord::AssociationRelation::ActiveRecord_AssociationRelation_Stylist:0x007fec39031240>
272,North Little Rock,North Little Rock,Arkansas,19,#<ActiveRecord::AssociationRelation::ActiveRecord_AssociationRelation_Stylist:0x007fec5ae75100>,#<ActiveRecord::AssociationRelation::ActiveRecord_AssociationRelation_Stylist:0x007fec36679768>
271,Rocky River,Rocky River,Ohio,27,#<ActiveRecord::AssociationRelation::ActiveRecord_AssociationRelation_Stylist:0x007fec37800d38>,#<ActiveRecord::AssociationRelation::ActiveRecord_AssociationRelation_Stylist:0x007fec57fd2168>
264,Heights,Houston,Texas,24,#<ActiveRecord::AssociationRelation::ActiveRecord_AssociationRelation_Stylist:0x007fec363a34d0>,#<ActiveRecord::AssociationRelation::ActiveRecord_AssociationRelation_Stylist:0x007fec363a2260>
263,Redlands,Redlands,California,35,#<ActiveRecord::AssociationRelation::ActiveRecord_AssociationRelation_Stylist:0x007fec3615a110>,#<ActiveRecord::AssociationRelation::ActiveRecord_AssociationRelation_Stylist:0x007fec36158e50>
262,Monroeville,Monroeville,Pennsylvania,14,#<ActiveRecord::AssociationRelation::ActiveRecord_AssociationRelation_Stylist:0x007fec34d80888>,#<ActiveRecord::AssociationRelation::ActiveRecord_AssociationRelation_Stylist:0x007fec34d58388>
261,Baum Boulevard,Pittsburgh,Pennsylvania,15,#<ActiveRecord::AssociationRelation::ActiveRecord_AssociationRelation_Stylist:0x007fec33f6b5b8>,#<ActiveRecord::AssociationRelation::ActiveRecord_AssociationRelation_Stylist:0x007fec33f49f58>
260,Morgan Hill,Morgan Hill,California,21,#<ActiveRecord::AssociationRelation::ActiveRecord_AssociationRelation_Stylist:0x007fec33d0b4f8>,#<ActiveRecord::AssociationRelation::ActiveRecord_AssociationRelation_Stylist:0x007fec33cfabf8>
259,Reno-Kietzke,Reno,Nevada,27,#<ActiveRecord::AssociationRelation::ActiveRecord_AssociationRelation_Stylist:0x007fec33ba9150>,#<ActiveRecord::AssociationRelation::ActiveRecord_AssociationRelation_Stylist:0x007fec33b33838>
255,Beacon Hill,Crown Point,Indiana,24,#<ActiveRecord::AssociationRelation::ActiveRecord_AssociationRelation_Stylist:0x007fec33948780>,#<ActiveRecord::AssociationRelation::ActiveRecord_AssociationRelation_Stylist:0x007fec3393b260>
254,Albuquerque - Paseo,Albuquerque,New Mexico,30,#<ActiveRecord::AssociationRelation::ActiveRecord_AssociationRelation_Stylist:0x007fec324f9220>,#<ActiveRecord::AssociationRelation::ActiveRecord_AssociationRelation_Stylist:0x007fec32e43088>
253,Lubbock Southwest,Lubbock ,Texas,27,#<ActiveRecord::AssociationRelation::ActiveRecord_AssociationRelation_Stylist:0x007fec5abdddc0>,#<ActiveRecord::AssociationRelation::ActiveRecord_AssociationRelation_Stylist:0x007fec5abdcad8>
252,Middletown,Louisville,Kentucky,34,#<ActiveRecord::AssociationRelation::ActiveRecord_AssociationRelation_Stylist:0x007fec320f15b0>,#<ActiveRecord::AssociationRelation::ActiveRecord_AssociationRelation_Stylist:0x007fec320f0138>
251,Village at Riverstone,Coeur d'Alene,Idaho,14,#<ActiveRecord::AssociationRelation::ActiveRecord_AssociationRelation_Stylist:0x007fec3176b1a8>,#<ActiveRecord::AssociationRelation::ActiveRecord_AssociationRelation_Stylist:0x007fec30eb19e0>
249,Longview,Longview,Texas,17,#<ActiveRecord::AssociationRelation::ActiveRecord_AssociationRelation_Stylist:0x007fec314f87e0>,#<ActiveRecord::AssociationRelation::ActiveRecord_AssociationRelation_Stylist:0x007fec314eae38>
248,Chino Hills,Chino Hills,California,39,#<ActiveRecord::AssociationRelation::ActiveRecord_AssociationRelation_Stylist:0x007fec308a3828>,#<ActiveRecord::AssociationRelation::ActiveRecord_AssociationRelation_Stylist:0x007fec31019170>
247,The Shoppes at Three Fountains,West Des Moines,Iowa,28,#<ActiveRecord::AssociationRelation::ActiveRecord_AssociationRelation_Stylist:0x007fec2fc5a800>,#<ActiveRecord::AssociationRelation::ActiveRecord_AssociationRelation_Stylist:0x007fec2fbe9060>
246,Stonebridge Square,Roswell,Georgia,24,#<ActiveRecord::AssociationRelation::ActiveRecord_AssociationRelation_Stylist:0x007fec2e713190>,#<ActiveRecord::AssociationRelation::ActiveRecord_AssociationRelation_Stylist:0x007fec2e6da9f8>
245,Kearny Mesa,San Diego,California,36,#<ActiveRecord::AssociationRelation::ActiveRecord_AssociationRelation_Stylist:0x007fec2e120828>,#<ActiveRecord::AssociationRelation::ActiveRecord_AssociationRelation_Stylist:0x007fec2e0aa9c0>
244,Rimrock Plaza,Billings,Montana,21,#<ActiveRecord::AssociationRelation::ActiveRecord_AssociationRelation_Stylist:0x007fec4c12bd68>,#<ActiveRecord::AssociationRelation::ActiveRecord_AssociationRelation_Stylist:0x007fec4b702b20>
243,Stuart,Stuart,Florida,17,#<ActiveRecord::AssociationRelation::ActiveRecord_AssociationRelation_Stylist:0x007fec45912038>,#<ActiveRecord::AssociationRelation::ActiveRecord_AssociationRelation_Stylist:0x007fec59775220>
242,Cordova,Cordova,Tennessee,17,#<ActiveRecord::AssociationRelation::ActiveRecord_AssociationRelation_Stylist:0x007fec4b5633f0>,#<ActiveRecord::AssociationRelation::ActiveRecord_AssociationRelation_Stylist:0x007fec4aee1400>
241,Hilltop Village - Alexandria,Alexandria,Virginia,33,#<ActiveRecord::AssociationRelation::ActiveRecord_AssociationRelation_Stylist:0x007fec2e13a098>,#<ActiveRecord::AssociationRelation::ActiveRecord_AssociationRelation_Stylist:0x007fec2e12b4a8>
240,Turkey Creek,Knoxville,Tennessee,13,#<ActiveRecord::AssociationRelation::ActiveRecord_AssociationRelation_Stylist:0x007fec2f8d8ba0>,#<ActiveRecord::AssociationRelation::ActiveRecord_AssociationRelation_Stylist:0x007fec2f2130e0>
239,"Avon, CT",Avon,Connecticut,19,#<ActiveRecord::AssociationRelation::ActiveRecord_AssociationRelation_Stylist:0x007fec2f4dbd90>,#<ActiveRecord::AssociationRelation::ActiveRecord_AssociationRelation_Stylist:0x007fec2f4788f8>
238,Metairie,Metairie,Louisiana,16,#<ActiveRecord::AssociationRelation::ActiveRecord_AssociationRelation_Stylist:0x007fec308e1fd8>,#<ActiveRecord::AssociationRelation::ActiveRecord_AssociationRelation_Stylist:0x007fec308bbc48>
237,Boynton Beach,Boynton Beach,Florida,25,#<ActiveRecord::AssociationRelation::ActiveRecord_AssociationRelation_Stylist:0x007fec30c80b58>,#<ActiveRecord::AssociationRelation::ActiveRecord_AssociationRelation_Stylist:0x007fec315005f8>
236,Moline,Moline,Illinois,3,#<ActiveRecord::AssociationRelation::ActiveRecord_AssociationRelation_Stylist:0x007fec30ec3690>,#<ActiveRecord::AssociationRelation::ActiveRecord_AssociationRelation_Stylist:0x007fec31782da8>
235,Tustin,Tustin,California,36,#<ActiveRecord::AssociationRelation::ActiveRecord_AssociationRelation_Stylist:0x007fec328527c8>,#<ActiveRecord::AssociationRelation::ActiveRecord_AssociationRelation_Stylist:0x007fec328511e8>
234,Fullerton ,Fullerton,California,36,#<ActiveRecord::AssociationRelation::ActiveRecord_AssociationRelation_Stylist:0x007fec32111928>,#<ActiveRecord::AssociationRelation::ActiveRecord_AssociationRelation_Stylist:0x007fec321ca158>
233,Kirkwood Station Plaza,St. Louis,Missouri,29,#<ActiveRecord::AssociationRelation::ActiveRecord_AssociationRelation_Stylist:0x007fec323980c0>,#<ActiveRecord::AssociationRelation::ActiveRecord_AssociationRelation_Stylist:0x007fec323c9800>
232,Reading,Reading,Massachusetts,26,#<ActiveRecord::AssociationRelation::ActiveRecord_AssociationRelation_Stylist:0x007fec32e1aef8>,#<ActiveRecord::AssociationRelation::ActiveRecord_AssociationRelation_Stylist:0x007fec32e09a68>
231,West Covina - Covina Palms Freeway Center,West Covina,California,34,#<ActiveRecord::AssociationRelation::ActiveRecord_AssociationRelation_Stylist:0x007fec32fe2128>,#<ActiveRecord::AssociationRelation::ActiveRecord_AssociationRelation_Stylist:0x007fec32fcb810>
230,Medina,Medina,Ohio,24,#<ActiveRecord::AssociationRelation::ActiveRecord_AssociationRelation_Stylist:0x007fec33a00100>,#<ActiveRecord::AssociationRelation::ActiveRecord_AssociationRelation_Stylist:0x007fec5ac5cee0>
228,Downtown Eugene,Eugene,Oregon,36,#<ActiveRecord::AssociationRelation::ActiveRecord_AssociationRelation_Stylist:0x007fec348694f8>,#<ActiveRecord::AssociationRelation::ActiveRecord_AssociationRelation_Stylist:0x007fec34868148>
226,Denver West,Lakewood,Colorado,35,#<ActiveRecord::AssociationRelation::ActiveRecord_AssociationRelation_Stylist:0x007fec33ed2e80>, 
225,Saint Paul,Saint Paul,Minnesota,43,#<ActiveRecord::AssociationRelation::ActiveRecord_AssociationRelation_Stylist:0x007fec3533bb10>, 
224,Washington Square Sola,Beaverton,Oregon,29,#<ActiveRecord::AssociationRelation::ActiveRecord_AssociationRelation_Stylist:0x007fec34feee58>,#<ActiveRecord::AssociationRelation::ActiveRecord_AssociationRelation_Stylist:0x007fec34fed9e0>
223,Owyhee,Boise,Idaho,28,#<ActiveRecord::AssociationRelation::ActiveRecord_AssociationRelation_Stylist:0x007fec36941630>,#<ActiveRecord::AssociationRelation::ActiveRecord_AssociationRelation_Stylist:0x007fec3692ac28>
222,Manhattan,New York,New York,26,#<ActiveRecord::AssociationRelation::ActiveRecord_AssociationRelation_Stylist:0x007fec3644b1d0>,#<ActiveRecord::AssociationRelation::ActiveRecord_AssociationRelation_Stylist:0x007fec3643b820>
221,Hamilton Corners on Gunbarrel rd.,Chattanooga,Tennessee,33,#<ActiveRecord::AssociationRelation::ActiveRecord_AssociationRelation_Stylist:0x007fec36551f20>,#<ActiveRecord::AssociationRelation::ActiveRecord_AssociationRelation_Stylist:0x007fec36542fe8>
220,Times Corner,Fort Wayne,Indiana,24,#<ActiveRecord::AssociationRelation::ActiveRecord_AssociationRelation_Stylist:0x007fec3676a988>,#<ActiveRecord::AssociationRelation::ActiveRecord_AssociationRelation_Stylist:0x007fec367426e0>
219,Cinco Ranch East,Katy,Texas,23,#<ActiveRecord::AssociationRelation::ActiveRecord_AssociationRelation_Stylist:0x007fec38c03650>,#<ActiveRecord::AssociationRelation::ActiveRecord_AssociationRelation_Stylist:0x007fec390b2908>
218,Nipper's Corner,Nashville,Tennessee,25,#<ActiveRecord::AssociationRelation::ActiveRecord_AssociationRelation_Stylist:0x007fec3930bcb8>,#<ActiveRecord::AssociationRelation::ActiveRecord_AssociationRelation_Stylist:0x007fec3930a9f8>
217,Bernard Court,Jonesboro,Arkansas,11,#<ActiveRecord::AssociationRelation::ActiveRecord_AssociationRelation_Stylist:0x007fec3a032810>, 
216,"Arlington, Plaza at the Parks",Arlington,Texas,31,#<ActiveRecord::AssociationRelation::ActiveRecord_AssociationRelation_Stylist:0x007fec3a1884f8>,#<ActiveRecord::AssociationRelation::ActiveRecord_AssociationRelation_Stylist:0x007fec3a16a660>
215,Lemmon/Douglas Court,Dallas,Texas,32,#<ActiveRecord::AssociationRelation::ActiveRecord_AssociationRelation_Stylist:0x007fec3a3c0518>, 
214,Sugar Land,Sugar Land,Texas,24,#<ActiveRecord::AssociationRelation::ActiveRecord_AssociationRelation_Stylist:0x007fec396d8710>,#<ActiveRecord::AssociationRelation::ActiveRecord_AssociationRelation_Stylist:0x007fec396c9df0>
213,Southdale Shopping Plaza,Glen Burnie,Maryland,23,#<ActiveRecord::AssociationRelation::ActiveRecord_AssociationRelation_Stylist:0x007fec3a5b9860>,#<ActiveRecord::AssociationRelation::ActiveRecord_AssociationRelation_Stylist:0x007fec3a9f99c0>
212,Mandarin,Jacksonville,Florida,27,#<ActiveRecord::AssociationRelation::ActiveRecord_AssociationRelation_Stylist:0x007fec399d3e88>,#<ActiveRecord::AssociationRelation::ActiveRecord_AssociationRelation_Stylist:0x007fec3abc8a58>
211,Atlantic Beach,Atlantic Beach,Florida,24,#<ActiveRecord::AssociationRelation::ActiveRecord_AssociationRelation_Stylist:0x007fec3b848c60>,#<ActiveRecord::AssociationRelation::ActiveRecord_AssociationRelation_Stylist:0x007fec3b83ac00>
210,Williamson Square,Franklin,Tennessee,29,#<ActiveRecord::AssociationRelation::ActiveRecord_AssociationRelation_Stylist:0x007fec3b9c1380>,#<ActiveRecord::AssociationRelation::ActiveRecord_AssociationRelation_Stylist:0x007fec3ba3bf68>
209,Collins Avenue,Miami Beach,Florida,8,#<ActiveRecord::AssociationRelation::ActiveRecord_AssociationRelation_Stylist:0x007fec3c0315a8>, 
208,Tysons Corner,"Tysons Corner, 22182",Virginia,16,#<ActiveRecord::AssociationRelation::ActiveRecord_AssociationRelation_Stylist:0x007fec39d13e68>,#<ActiveRecord::AssociationRelation::ActiveRecord_AssociationRelation_Stylist:0x007fec3c0ebac0>
207,Torrance,Torrance,California,24,#<ActiveRecord::AssociationRelation::ActiveRecord_AssociationRelation_Stylist:0x007fec3c171af8>, 
206,Spring,Spring,Texas,18,#<ActiveRecord::AssociationRelation::ActiveRecord_AssociationRelation_Stylist:0x007fec3bd3a7a0>,#<ActiveRecord::AssociationRelation::ActiveRecord_AssociationRelation_Stylist:0x007fec3bd393c8>
205,Arbor Hills,Ann Arbor,Michigan,27,#<ActiveRecord::AssociationRelation::ActiveRecord_AssociationRelation_Stylist:0x007fec3be338c8>,#<ActiveRecord::AssociationRelation::ActiveRecord_AssociationRelation_Stylist:0x007fec3be30268>
204,Oak Valley Centre,Ann Arbor,Michigan,27,#<ActiveRecord::AssociationRelation::ActiveRecord_AssociationRelation_Stylist:0x007fec3bf72e78>,#<ActiveRecord::AssociationRelation::ActiveRecord_AssociationRelation_Stylist:0x007fec3bf71b40>
203,Pack Square,Asheville,North Carolina,28,#<ActiveRecord::AssociationRelation::ActiveRecord_AssociationRelation_Stylist:0x007fec3c5b3f08>,#<ActiveRecord::AssociationRelation::ActiveRecord_AssociationRelation_Stylist:0x007fec3c5a32e8>
202,Webb Ginn,Snellville,Georgia,18,#<ActiveRecord::AssociationRelation::ActiveRecord_AssociationRelation_Stylist:0x007fec3c770350>,#<ActiveRecord::AssociationRelation::ActiveRecord_AssociationRelation_Stylist:0x007fec1da2b370>
201,Steele Crossing,Fayetteville,Arkansas,20,#<ActiveRecord::AssociationRelation::ActiveRecord_AssociationRelation_Stylist:0x007fec1e033f88>,#<ActiveRecord::AssociationRelation::ActiveRecord_AssociationRelation_Stylist:0x007fec1e023868>
200,Sola Salons Creve Coeur,Creve Coeur,Missouri,20,#<ActiveRecord::AssociationRelation::ActiveRecord_AssociationRelation_Stylist:0x007fec1e1b23c8>,#<ActiveRecord::AssociationRelation::ActiveRecord_AssociationRelation_Stylist:0x007fec1e1b10b8>
199,Ventura,Ventura,California,24,#<ActiveRecord::AssociationRelation::ActiveRecord_AssociationRelation_Stylist:0x007fec1e1f9958>,#<ActiveRecord::AssociationRelation::ActiveRecord_AssociationRelation_Stylist:0x007fec39e90b10>
198,Dogwood Center Flowood Mississippi,Flowood,Mississippi,45,#<ActiveRecord::AssociationRelation::ActiveRecord_AssociationRelation_Stylist:0x007fec1dc83410>,#<ActiveRecord::AssociationRelation::ActiveRecord_AssociationRelation_Stylist:0x007fec1dc806c0>
197,San Antonio-Galleria Oaks Shopping Center,San Antonio,Texas,30,#<ActiveRecord::AssociationRelation::ActiveRecord_AssociationRelation_Stylist:0x007fec1e3e33b8>,#<ActiveRecord::AssociationRelation::ActiveRecord_AssociationRelation_Stylist:0x007fec1e3ca688>
196,Inverness Corners,Hoover,Alabama,18,#<ActiveRecord::AssociationRelation::ActiveRecord_AssociationRelation_Stylist:0x007fec1de41590>,#<ActiveRecord::AssociationRelation::ActiveRecord_AssociationRelation_Stylist:0x007fec1de09a78>
195,Birmingham,Birmingham,Michigan,36,#<ActiveRecord::AssociationRelation::ActiveRecord_AssociationRelation_Stylist:0x007fec1f0328a8>,#<ActiveRecord::AssociationRelation::ActiveRecord_AssociationRelation_Stylist:0x007fec1e529fd8>
194,NW OKC,Oklahoma City,Oklahoma,13,#<ActiveRecord::AssociationRelation::ActiveRecord_AssociationRelation_Stylist:0x007fec1f1596f0>,#<ActiveRecord::AssociationRelation::ActiveRecord_AssociationRelation_Stylist:0x007fec1f1582c8>
192,Northcross,Austin,Texas,30,#<ActiveRecord::AssociationRelation::ActiveRecord_AssociationRelation_Stylist:0x007fec1f2c0660>,#<ActiveRecord::AssociationRelation::ActiveRecord_AssociationRelation_Stylist:0x007fec1f2b3320>
191,Redwood City,Redwood City,California,21,#<ActiveRecord::AssociationRelation::ActiveRecord_AssociationRelation_Stylist:0x007fec1f342b60>,#<ActiveRecord::AssociationRelation::ActiveRecord_AssociationRelation_Stylist:0x007fec1f3418c8>
190,North Raleigh - Falls of Neuse,Raleigh,North Carolina,23,#<ActiveRecord::AssociationRelation::ActiveRecord_AssociationRelation_Stylist:0x007fec1f502400>,#<ActiveRecord::AssociationRelation::ActiveRecord_AssociationRelation_Stylist:0x007fec1f5010a0>
189,Elk Grove,Elk Grove,California,32,#<ActiveRecord::AssociationRelation::ActiveRecord_AssociationRelation_Stylist:0x007fec20139c50>,#<ActiveRecord::AssociationRelation::ActiveRecord_AssociationRelation_Stylist:0x007fec2024a6f8>
188,Auburn,Auburn,California,22,#<ActiveRecord::AssociationRelation::ActiveRecord_AssociationRelation_Stylist:0x007fec1f75b670>, 
187,Blaine,Blaine,Minnesota,34,#<ActiveRecord::AssociationRelation::ActiveRecord_AssociationRelation_Stylist:0x007fec20adb308>,#<ActiveRecord::AssociationRelation::ActiveRecord_AssociationRelation_Stylist:0x007fec20aa14a0>
186,Hibiscus Center,Naples,Florida,33,#<ActiveRecord::AssociationRelation::ActiveRecord_AssociationRelation_Stylist:0x007fec20de9c98>,#<ActiveRecord::AssociationRelation::ActiveRecord_AssociationRelation_Stylist:0x007fec20dc0230>
185,Park Ridge,Park Ridge,Illinois,29,#<ActiveRecord::AssociationRelation::ActiveRecord_AssociationRelation_Stylist:0x007fec20ec24f8>,#<ActiveRecord::AssociationRelation::ActiveRecord_AssociationRelation_Stylist:0x007fec20eb20f8>
184,Shoppes at the Village,Green Bay,Wisconsin,35,#<ActiveRecord::AssociationRelation::ActiveRecord_AssociationRelation_Stylist:0x007fec2302b5b8>, 
183,Alliance Town Center,Ft. Worth,Texas,35,#<ActiveRecord::AssociationRelation::ActiveRecord_AssociationRelation_Stylist:0x007fec2318acb0>,#<ActiveRecord::AssociationRelation::ActiveRecord_AssociationRelation_Stylist:0x007fec2316bcc0>
182,Sandy ,Sandy,Utah,41,#<ActiveRecord::AssociationRelation::ActiveRecord_AssociationRelation_Stylist:0x007fec23311cc8>,#<ActiveRecord::AssociationRelation::ActiveRecord_AssociationRelation_Stylist:0x007fec232fa708>
181,Preston Village,Wichita,Kansas,22,#<ActiveRecord::AssociationRelation::ActiveRecord_AssociationRelation_Stylist:0x007fec23358ad8>,#<ActiveRecord::AssociationRelation::ActiveRecord_AssociationRelation_Stylist:0x007fec23349218>
180,Hanover Center,Wilmington,North Carolina,25,#<ActiveRecord::AssociationRelation::ActiveRecord_AssociationRelation_Stylist:0x007fec223e0e48>,#<ActiveRecord::AssociationRelation::ActiveRecord_AssociationRelation_Stylist:0x007fec223bb5d0>
179,Tacoma - 6th Avenue,Tacoma,Washington,35,#<ActiveRecord::AssociationRelation::ActiveRecord_AssociationRelation_Stylist:0x007fec23601d20>,#<ActiveRecord::AssociationRelation::ActiveRecord_AssociationRelation_Stylist:0x007fec236c1828>
178,Mechanicsville,Mechanicsville,Virginia,21,#<ActiveRecord::AssociationRelation::ActiveRecord_AssociationRelation_Stylist:0x007fec237791a8>, 
177,Carytown,Richmond,Virginia,28,#<ActiveRecord::AssociationRelation::ActiveRecord_AssociationRelation_Stylist:0x007fec2273ad28>,#<ActiveRecord::AssociationRelation::ActiveRecord_AssociationRelation_Stylist:0x007fec22739ab8>
176,Greeley - St. Michaels Town Square,Greeley,Colorado,26,#<ActiveRecord::AssociationRelation::ActiveRecord_AssociationRelation_Stylist:0x007fec240599a8>,#<ActiveRecord::AssociationRelation::ActiveRecord_AssociationRelation_Stylist:0x007fec24058710>
175,Southwest Fargo,Fargo,North Dakota,32,#<ActiveRecord::AssociationRelation::ActiveRecord_AssociationRelation_Stylist:0x007fec2416bd28>,#<ActiveRecord::AssociationRelation::ActiveRecord_AssociationRelation_Stylist:0x007fec2416ab30>
174,Chenal Parkway,Little Rock,Arkansas,31,#<ActiveRecord::AssociationRelation::ActiveRecord_AssociationRelation_Stylist:0x007fec249d00b8>,#<ActiveRecord::AssociationRelation::ActiveRecord_AssociationRelation_Stylist:0x007fec24a33910>
173,Wellington,Wellington,Florida,24,#<ActiveRecord::AssociationRelation::ActiveRecord_AssociationRelation_Stylist:0x007fec24a92640>,#<ActiveRecord::AssociationRelation::ActiveRecord_AssociationRelation_Stylist:0x007fec24253a88>
172,Palm Beach Gardens,Palm Beach Gardens,Florida,27,#<ActiveRecord::AssociationRelation::ActiveRecord_AssociationRelation_Stylist:0x007fec24318fb8>,#<ActiveRecord::AssociationRelation::ActiveRecord_AssociationRelation_Stylist:0x007fec2430bea8>
171,Brandon,Brandon,Florida,17,#<ActiveRecord::AssociationRelation::ActiveRecord_AssociationRelation_Stylist:0x007fec24b0a1b8>,#<ActiveRecord::AssociationRelation::ActiveRecord_AssociationRelation_Stylist:0x007fec24b6b2d8>
170,Crabtree Valley,Raleigh,North Carolina,35,#<ActiveRecord::AssociationRelation::ActiveRecord_AssociationRelation_Stylist:0x007fec24c1a5d0>,#<ActiveRecord::AssociationRelation::ActiveRecord_AssociationRelation_Stylist:0x007fec24c19388>
169,Village Square of Delafield,Delafield,Wisconsin,15,#<ActiveRecord::AssociationRelation::ActiveRecord_AssociationRelation_Stylist:0x007fec24cf3da8>, 
168,North Academy Blvd.,Colorado Springs,Colorado,36,#<ActiveRecord::AssociationRelation::ActiveRecord_AssociationRelation_Stylist:0x007fec24d92d40>,#<ActiveRecord::AssociationRelation::ActiveRecord_AssociationRelation_Stylist:0x007fec24d91be8>
167,Sola Parker,Parker,Colorado,29,#<ActiveRecord::AssociationRelation::ActiveRecord_AssociationRelation_Stylist:0x007fec24e4bc00>,#<ActiveRecord::AssociationRelation::ActiveRecord_AssociationRelation_Stylist:0x007fec24e3bdf0>
166,Corona,Corona,California,31,#<ActiveRecord::AssociationRelation::ActiveRecord_AssociationRelation_Stylist:0x007fec24590980>,#<ActiveRecord::AssociationRelation::ActiveRecord_AssociationRelation_Stylist:0x007fec24583870>
165,Glastonbury,Glastonbury,Connecticut,23,#<ActiveRecord::AssociationRelation::ActiveRecord_AssociationRelation_Stylist:0x007fec24ef36f8>,#<ActiveRecord::AssociationRelation::ActiveRecord_AssociationRelation_Stylist:0x007fec24ef0b10>
164,Towne Centre,Evansville,Indiana,38,#<ActiveRecord::AssociationRelation::ActiveRecord_AssociationRelation_Stylist:0x007fec24f81f98>,#<ActiveRecord::AssociationRelation::ActiveRecord_AssociationRelation_Stylist:0x007fec24f711e8>
163,Redmond - Riverpark,Redmond,Washington,9,#<ActiveRecord::AssociationRelation::ActiveRecord_AssociationRelation_Stylist:0x007fec2510a568>, 
162,San Marcos,San Marcos,California,27,#<ActiveRecord::AssociationRelation::ActiveRecord_AssociationRelation_Stylist:0x007fec251989d0>,#<ActiveRecord::AssociationRelation::ActiveRecord_AssociationRelation_Stylist:0x007fec2518a290>
161,Maple Grove,Maple Grove,Minnesota,31,#<ActiveRecord::AssociationRelation::ActiveRecord_AssociationRelation_Stylist:0x007fec246706c0>,#<ActiveRecord::AssociationRelation::ActiveRecord_AssociationRelation_Stylist:0x007fec24663448>
160,Sola Salons of Crofton,Crofton,Maryland,18,#<ActiveRecord::AssociationRelation::ActiveRecord_AssociationRelation_Stylist:0x007fec24742968>,#<ActiveRecord::AssociationRelation::ActiveRecord_AssociationRelation_Stylist:0x007fec2522bb40>
159,Irvine,Irvine,California,37,#<ActiveRecord::AssociationRelation::ActiveRecord_AssociationRelation_Stylist:0x007fec247d9a48>,#<ActiveRecord::AssociationRelation::ActiveRecord_AssociationRelation_Stylist:0x007fec25243088>
157,Pompano,Pompano Beach,Florida,27,#<ActiveRecord::AssociationRelation::ActiveRecord_AssociationRelation_Stylist:0x007fec252d2f08>,#<ActiveRecord::AssociationRelation::ActiveRecord_AssociationRelation_Stylist:0x007fec252d1e50>
156,Arboretum Crossing,Austin,Texas,30,#<ActiveRecord::AssociationRelation::ActiveRecord_AssociationRelation_Stylist:0x007fec253609c0>,#<ActiveRecord::AssociationRelation::ActiveRecord_AssociationRelation_Stylist:0x007fec253c23c8>
155,Preston Park Village,Plano ,Texas,22,#<ActiveRecord::AssociationRelation::ActiveRecord_AssociationRelation_Stylist:0x007fec25481c50>, 
154,Paradise Valley Village,Phoenix,Arizona,35,#<ActiveRecord::AssociationRelation::ActiveRecord_AssociationRelation_Stylist:0x007fec25903940>,#<ActiveRecord::AssociationRelation::ActiveRecord_AssociationRelation_Stylist:0x007fec25902770>
153,Carlsbad,Carlsbad,California,49,#<ActiveRecord::AssociationRelation::ActiveRecord_AssociationRelation_Stylist:0x007fec25ab25e8>,#<ActiveRecord::AssociationRelation::ActiveRecord_AssociationRelation_Stylist:0x007fec25ab1418>
152,Otay Ranch Town Center,Chula Vista,California,28,#<ActiveRecord::AssociationRelation::ActiveRecord_AssociationRelation_Stylist:0x007fec25c19148>,#<ActiveRecord::AssociationRelation::ActiveRecord_AssociationRelation_Stylist:0x007fec25769f80>
151,Mentor,Mentor,Ohio,17,#<ActiveRecord::AssociationRelation::ActiveRecord_AssociationRelation_Stylist:0x007fec25cc9458>, 
150,Columbiana Station,Columbia,South Carolina,33,#<ActiveRecord::AssociationRelation::ActiveRecord_AssociationRelation_Stylist:0x007fec257c2a18>,#<ActiveRecord::AssociationRelation::ActiveRecord_AssociationRelation_Stylist:0x007fec2603be38>
149,Huntington,Huntington Station,New York,26,#<ActiveRecord::AssociationRelation::ActiveRecord_AssociationRelation_Stylist:0x007fec26120718>,#<ActiveRecord::AssociationRelation::ActiveRecord_AssociationRelation_Stylist:0x007fec26110138>
147,Garden City,Garden City,New York,38,#<ActiveRecord::AssociationRelation::ActiveRecord_AssociationRelation_Stylist:0x007fec25e1b590>,#<ActiveRecord::AssociationRelation::ActiveRecord_AssociationRelation_Stylist:0x007fec25e18778>
146,Port Jefferson,Port Jefferson Station,New York,35,#<ActiveRecord::AssociationRelation::ActiveRecord_AssociationRelation_Stylist:0x007fec25f3a2a0>,#<ActiveRecord::AssociationRelation::ActiveRecord_AssociationRelation_Stylist:0x007fec25f39148>
145,San Dimas - San Dimas Station NORTH Shopping Center,San Dimas,California,39,#<ActiveRecord::AssociationRelation::ActiveRecord_AssociationRelation_Stylist:0x007fec268139f8>,#<ActiveRecord::AssociationRelation::ActiveRecord_AssociationRelation_Stylist:0x007fec26812788>
144,Fountain Plaza, Bentonville,Arkansas,37,#<ActiveRecord::AssociationRelation::ActiveRecord_AssociationRelation_Stylist:0x007fec26971188>,#<ActiveRecord::AssociationRelation::ActiveRecord_AssociationRelation_Stylist:0x007fec2694aa88>
143,Downtown Rapid City,Rapid City,South Dakota,27,#<ActiveRecord::AssociationRelation::ActiveRecord_AssociationRelation_Stylist:0x007fec263c11c0>,#<ActiveRecord::AssociationRelation::ActiveRecord_AssociationRelation_Stylist:0x007fec263a3710>
142,James River Towne Center,Springfield,Missouri,24,#<ActiveRecord::AssociationRelation::ActiveRecord_AssociationRelation_Stylist:0x007fec26b13590>,#<ActiveRecord::AssociationRelation::ActiveRecord_AssociationRelation_Stylist:0x007fec26b12488>
141,Huntington Beach,Huntington Beach,California,34,#<ActiveRecord::AssociationRelation::ActiveRecord_AssociationRelation_Stylist:0x007fec26b92e08>,#<ActiveRecord::AssociationRelation::ActiveRecord_AssociationRelation_Stylist:0x007fec26b91b98>
140,Mission Viejo,Mission Viejo,California,32,#<ActiveRecord::AssociationRelation::ActiveRecord_AssociationRelation_Stylist:0x007fec265aab08>,#<ActiveRecord::AssociationRelation::ActiveRecord_AssociationRelation_Stylist:0x007fec265a9898>
139,Hulen Fashion Center,Fort Worth ,Texas,16,#<ActiveRecord::AssociationRelation::ActiveRecord_AssociationRelation_Stylist:0x007fec2663bcc0>,#<ActiveRecord::AssociationRelation::ActiveRecord_AssociationRelation_Stylist:0x007fec2663aa50>
138,City Plaza,Granger,Indiana,30,#<ActiveRecord::AssociationRelation::ActiveRecord_AssociationRelation_Stylist:0x007fec26be02c0>,#<ActiveRecord::AssociationRelation::ActiveRecord_AssociationRelation_Stylist:0x007fec26c197c8>
137,Tucson Northwest,Tucson,Arizona,25,#<ActiveRecord::AssociationRelation::ActiveRecord_AssociationRelation_Stylist:0x007fec278389a0>,#<ActiveRecord::AssociationRelation::ActiveRecord_AssociationRelation_Stylist:0x007fec278138d0>
136,Mason,Mason,Ohio,16,#<ActiveRecord::AssociationRelation::ActiveRecord_AssociationRelation_Stylist:0x007fec27952a70>, 
135,Albuquerque - Uptown,Albuquerque,New Mexico,25,#<ActiveRecord::AssociationRelation::ActiveRecord_AssociationRelation_Stylist:0x007fec27a6b678>,#<ActiveRecord::AssociationRelation::ActiveRecord_AssociationRelation_Stylist:0x007fec27a6a5e8>
134,Village Plaza - Bobby Jones Expy.,Augusta,Georgia,21,#<ActiveRecord::AssociationRelation::ActiveRecord_AssociationRelation_Stylist:0x007fec26d59cf0>,#<ActiveRecord::AssociationRelation::ActiveRecord_AssociationRelation_Stylist:0x007fec26d58c60>
133,Rancho Cucamonga - Victoria Promenade,Rancho Cucamonga,California,37,#<ActiveRecord::AssociationRelation::ActiveRecord_AssociationRelation_Stylist:0x007fec39f924a0>,#<ActiveRecord::AssociationRelation::ActiveRecord_AssociationRelation_Stylist:0x007fec39f91410>
132,La Quinta,La Quinta,California,19,#<ActiveRecord::AssociationRelation::ActiveRecord_AssociationRelation_Stylist:0x007fec59bd40f0>, 
131,South Tulsa,Tulsa,Oklahoma,31,#<ActiveRecord::AssociationRelation::ActiveRecord_AssociationRelation_Stylist:0x007fec59bf74d8>,#<ActiveRecord::AssociationRelation::ActiveRecord_AssociationRelation_Stylist:0x007fec59bf6448>
130,Shoney Drive,Huntsville,Alabama,18,#<ActiveRecord::AssociationRelation::ActiveRecord_AssociationRelation_Stylist:0x007fec59c06528>,#<ActiveRecord::AssociationRelation::ActiveRecord_AssociationRelation_Stylist:0x007fec59c05498>
129,Brentwood,Los Angeles,California,26,#<ActiveRecord::AssociationRelation::ActiveRecord_AssociationRelation_Stylist:0x007fec59c240a0>,#<ActiveRecord::AssociationRelation::ActiveRecord_AssociationRelation_Stylist:0x007fec27e2edf0>
128,Edmond,Edmond,Oklahoma,19,#<ActiveRecord::AssociationRelation::ActiveRecord_AssociationRelation_Stylist:0x007fec28342698>,#<ActiveRecord::AssociationRelation::ActiveRecord_AssociationRelation_Stylist:0x007fec28341608>
127,Mt. Pleasant,Mt. Pleasant,South Carolina,36,#<ActiveRecord::AssociationRelation::ActiveRecord_AssociationRelation_Stylist:0x007fec59c87128>,#<ActiveRecord::AssociationRelation::ActiveRecord_AssociationRelation_Stylist:0x007fec59c86098>
126,Pearl District Sola,Portland,Oregon,29,#<ActiveRecord::AssociationRelation::ActiveRecord_AssociationRelation_Stylist:0x007fec4de3c588>,#<ActiveRecord::AssociationRelation::ActiveRecord_AssociationRelation_Stylist:0x007fec27d7f418>
125,The Woodlands,Shenandoah,Texas,20,#<ActiveRecord::AssociationRelation::ActiveRecord_AssociationRelation_Stylist:0x007fec4de77660>,#<ActiveRecord::AssociationRelation::ActiveRecord_AssociationRelation_Stylist:0x007fec4de765d0>
124,Hendersonville,Hendersonville,Tennessee,20,#<ActiveRecord::AssociationRelation::ActiveRecord_AssociationRelation_Stylist:0x007fec4dea55b0>, 
123,San Jose - Willow Glen,San Jose,California,31,#<ActiveRecord::AssociationRelation::ActiveRecord_AssociationRelation_Stylist:0x007fec2822a080>,#<ActiveRecord::AssociationRelation::ActiveRecord_AssociationRelation_Stylist:0x007fec28228ff0>
122,Riverchase Village,Hoover,Alabama,36,#<ActiveRecord::AssociationRelation::ActiveRecord_AssociationRelation_Stylist:0x007fec27cecf00>,#<ActiveRecord::AssociationRelation::ActiveRecord_AssociationRelation_Stylist:0x007fec4deffe20>
121,Colleyville - Town Center Colleyville,Colleyville,Texas,33,#<ActiveRecord::AssociationRelation::ActiveRecord_AssociationRelation_Stylist:0x007fec4df245e0>, 
120,Northshore,Covington,Louisiana,29,#<ActiveRecord::AssociationRelation::ActiveRecord_AssociationRelation_Stylist:0x007fec4df44188>,#<ActiveRecord::AssociationRelation::ActiveRecord_AssociationRelation_Stylist:0x007fec2816af28>
119,Shoppes on Maine,Rochester,Minnesota,27,#<ActiveRecord::AssociationRelation::ActiveRecord_AssociationRelation_Stylist:0x007fec4df75b98>,#<ActiveRecord::AssociationRelation::ActiveRecord_AssociationRelation_Stylist:0x007fec4df74b08>
118,Coral Springs,Coral Springs,Florida,24,#<ActiveRecord::AssociationRelation::ActiveRecord_AssociationRelation_Stylist:0x007fec27c751f8>,#<ActiveRecord::AssociationRelation::ActiveRecord_AssociationRelation_Stylist:0x007fec5a1ff7e0>
117,Cinco Ranch West,Katy,Texas,24,#<ActiveRecord::AssociationRelation::ActiveRecord_AssociationRelation_Stylist:0x007fec5a21cf98>,#<ActiveRecord::AssociationRelation::ActiveRecord_AssociationRelation_Stylist:0x007fec28133eb0>
116,Butler Crossing,Kennesaw,Georgia,20,#<ActiveRecord::AssociationRelation::ActiveRecord_AssociationRelation_Stylist:0x007fec5a24e778>,#<ActiveRecord::AssociationRelation::ActiveRecord_AssociationRelation_Stylist:0x007fec5a24d6e8>
115,Palm Harbor,Palm Harbor,Florida,25,#<ActiveRecord::AssociationRelation::ActiveRecord_AssociationRelation_Stylist:0x007fec27c35828>,#<ActiveRecord::AssociationRelation::ActiveRecord_AssociationRelation_Stylist:0x007fec5a2874b0>
114,Roseville,Roseville,Minnesota,29,#<ActiveRecord::AssociationRelation::ActiveRecord_AssociationRelation_Stylist:0x007fec27c0d490>,#<ActiveRecord::AssociationRelation::ActiveRecord_AssociationRelation_Stylist:0x007fec4df9f470>
113,Woodbury,Woodbury,Minnesota,40,#<ActiveRecord::AssociationRelation::ActiveRecord_AssociationRelation_Stylist:0x007fec27be5350>,#<ActiveRecord::AssociationRelation::ActiveRecord_AssociationRelation_Stylist:0x007fec4dfdf368>
112,Shadowlake,Papillion,Nebraska,25,#<ActiveRecord::AssociationRelation::ActiveRecord_AssociationRelation_Stylist:0x007fec5a2ee9a8>,#<ActiveRecord::AssociationRelation::ActiveRecord_AssociationRelation_Stylist:0x007fec5a2ed918>
111,Legacy Village,Lyndhurst,Ohio,27,#<ActiveRecord::AssociationRelation::ActiveRecord_AssociationRelation_Stylist:0x007fec5a30d538>,#<ActiveRecord::AssociationRelation::ActiveRecord_AssociationRelation_Stylist:0x007fec5a30c4a8>
110,Fairlawn,Fairlawn,Ohio,25,#<ActiveRecord::AssociationRelation::ActiveRecord_AssociationRelation_Stylist:0x007fec39f91b68>, 
109,Panache Plaza,Baton Rouge,Louisiana,23,#<ActiveRecord::AssociationRelation::ActiveRecord_AssociationRelation_Stylist:0x007fec5a34c6e8>,#<ActiveRecord::AssociationRelation::ActiveRecord_AssociationRelation_Stylist:0x007fec26dfb5c8>
107,Highland Village,Highland Village,Texas,52,#<ActiveRecord::AssociationRelation::ActiveRecord_AssociationRelation_Stylist:0x007fec26d82f10>, 
106,In Town - Seaboard,Raleigh,North Carolina,27,#<ActiveRecord::AssociationRelation::ActiveRecord_AssociationRelation_Stylist:0x007fec5a396c70>, 
105,Sola Stateline,Prairie Village,Kansas,19,#<ActiveRecord::AssociationRelation::ActiveRecord_AssociationRelation_Stylist:0x007fec26c3b008>,#<ActiveRecord::AssociationRelation::ActiveRecord_AssociationRelation_Stylist:0x007fec26c39f78>
104,Morrisville,Morrisville,North Carolina,27,#<ActiveRecord::AssociationRelation::ActiveRecord_AssociationRelation_Stylist:0x007fec5a3bc8f8>,#<ActiveRecord::AssociationRelation::ActiveRecord_AssociationRelation_Stylist:0x007fec279f3808>
103,Apex,Apex,North Carolina,25,#<ActiveRecord::AssociationRelation::ActiveRecord_AssociationRelation_Stylist:0x007fec279a0770>,#<ActiveRecord::AssociationRelation::ActiveRecord_AssociationRelation_Stylist:0x007fec5a3ef640>
102,Capitol Mall,Sacramento,California,28,#<ActiveRecord::AssociationRelation::ActiveRecord_AssociationRelation_Stylist:0x007fec5a40cba0>,#<ActiveRecord::AssociationRelation::ActiveRecord_AssociationRelation_Stylist:0x007fec2792bab0>
101,Lake Oswego Sola,Tualatin,Oregon,42,#<ActiveRecord::AssociationRelation::ActiveRecord_AssociationRelation_Stylist:0x007fec278d3860>,#<ActiveRecord::AssociationRelation::ActiveRecord_AssociationRelation_Stylist:0x007fec278d27d0>
100,Integrity Way,Appleton,Wisconsin,37,#<ActiveRecord::AssociationRelation::ActiveRecord_AssociationRelation_Stylist:0x007fec59cce640>,#<ActiveRecord::AssociationRelation::ActiveRecord_AssociationRelation_Stylist:0x007fec59ccd5b0>
99,Manhattan Beach/El Segundo,El Segundo,California,30,#<ActiveRecord::AssociationRelation::ActiveRecord_AssociationRelation_Stylist:0x007fec59cecc30>,#<ActiveRecord::AssociationRelation::ActiveRecord_AssociationRelation_Stylist:0x007fec26743af0>
98,Rancho Cucamonga - Terra Vista Town Center,Rancho Cucamonga,California,34,#<ActiveRecord::AssociationRelation::ActiveRecord_AssociationRelation_Stylist:0x007fec39f0b900>,#<ActiveRecord::AssociationRelation::ActiveRecord_AssociationRelation_Stylist:0x007fec39f0a870>
97,Northgate - Northgate North Shopping Center,Seattle,Washington,9,#<ActiveRecord::AssociationRelation::ActiveRecord_AssociationRelation_Stylist:0x007fec26c00ea8>,#<ActiveRecord::AssociationRelation::ActiveRecord_AssociationRelation_Stylist:0x007fec59d37cd0>
96,Downtown Seattle - Aspira Building,Seattle,Washington,20,#<ActiveRecord::AssociationRelation::ActiveRecord_AssociationRelation_Stylist:0x007fec266d2968>, 
95,Longmont - Parkway Plaza,Longmont,Colorado,32,#<ActiveRecord::AssociationRelation::ActiveRecord_AssociationRelation_Stylist:0x007fec59d664b8>,#<ActiveRecord::AssociationRelation::ActiveRecord_AssociationRelation_Stylist:0x007fec59d65428>
94,Costa Mesa,Costa Mesa,California,26,#<ActiveRecord::AssociationRelation::ActiveRecord_AssociationRelation_Stylist:0x007fec59d8ce38>,#<ActiveRecord::AssociationRelation::ActiveRecord_AssociationRelation_Stylist:0x007fec2665bcc8>
93,Temecula,Temecula,California,37,#<ActiveRecord::AssociationRelation::ActiveRecord_AssociationRelation_Stylist:0x007fec59db7f98>,#<ActiveRecord::AssociationRelation::ActiveRecord_AssociationRelation_Stylist:0x007fec59db6f08>
92,The Streets at SouthGlenn,Centennial,Colorado,25,#<ActiveRecord::AssociationRelation::ActiveRecord_AssociationRelation_Stylist:0x007fec265e8660>,#<ActiveRecord::AssociationRelation::ActiveRecord_AssociationRelation_Stylist:0x007fec59dd7550>
91,Strongsville,Strongsville,Ohio,22,#<ActiveRecord::AssociationRelation::ActiveRecord_AssociationRelation_Stylist:0x007fec265698d8>, 
90,Tucson Broadway / Park Place Mall,Tucson,Arizona,25,#<ActiveRecord::AssociationRelation::ActiveRecord_AssociationRelation_Stylist:0x007fec2653bcf8>,#<ActiveRecord::AssociationRelation::ActiveRecord_AssociationRelation_Stylist:0x007fec2653ac40>
89,Midlothian Turnpike,Midlothian,Virginia,26,#<ActiveRecord::AssociationRelation::ActiveRecord_AssociationRelation_Stylist:0x007fec264d8478>,#<ActiveRecord::AssociationRelation::ActiveRecord_AssociationRelation_Stylist:0x007fec59e37388>
88,Short Pump,Glen Allen,Virginia,31,#<ActiveRecord::AssociationRelation::ActiveRecord_AssociationRelation_Stylist:0x007fec264b35d8>,#<ActiveRecord::AssociationRelation::ActiveRecord_AssociationRelation_Stylist:0x007fec264b2548>
87,Summerlin,Las Vegas,Nevada,32,#<ActiveRecord::AssociationRelation::ActiveRecord_AssociationRelation_Stylist:0x007fec26b91a30>,#<ActiveRecord::AssociationRelation::ActiveRecord_AssociationRelation_Stylist:0x007fec26b90978>
86,Southlake - Wyndham Plaza,Southlake,Texas,33,#<ActiveRecord::AssociationRelation::ActiveRecord_AssociationRelation_Stylist:0x007fec26b620f0>,#<ActiveRecord::AssociationRelation::ActiveRecord_AssociationRelation_Stylist:0x007fec26b61060>
85,San Mateo,San Mateo,California,32,#<ActiveRecord::AssociationRelation::ActiveRecord_AssociationRelation_Stylist:0x007fec26b23800>,#<ActiveRecord::AssociationRelation::ActiveRecord_AssociationRelation_Stylist:0x007fec26b22748>
84,Cool Springs,Brentwood,Tennessee,32,#<ActiveRecord::AssociationRelation::ActiveRecord_AssociationRelation_Stylist:0x007fec26ae9330>,#<ActiveRecord::AssociationRelation::ActiveRecord_AssociationRelation_Stylist:0x007fec26ae8228>
83,White Plains,White Plains,New York,21,#<ActiveRecord::AssociationRelation::ActiveRecord_AssociationRelation_Stylist:0x007fec578bd918>,#<ActiveRecord::AssociationRelation::ActiveRecord_AssociationRelation_Stylist:0x007fec578bc888>
82,Uptown,Minneapolis,Minnesota,33,#<ActiveRecord::AssociationRelation::ActiveRecord_AssociationRelation_Stylist:0x007fec2645bf90>,#<ActiveRecord::AssociationRelation::ActiveRecord_AssociationRelation_Stylist:0x007fec2645af00>
81,Springhurst,Louisville,Kentucky,31,#<ActiveRecord::AssociationRelation::ActiveRecord_AssociationRelation_Stylist:0x007fec578f5b38>,#<ActiveRecord::AssociationRelation::ActiveRecord_AssociationRelation_Stylist:0x007fec578f4aa8>
80,Eisenhower - Alexandria,Alexandria,Virginia,31,#<ActiveRecord::AssociationRelation::ActiveRecord_AssociationRelation_Stylist:0x007fec2634a868>,#<ActiveRecord::AssociationRelation::ActiveRecord_AssociationRelation_Stylist:0x007fec263496e8>
79,Canyon Place Sola,Beaverton,Oregon,31,#<ActiveRecord::AssociationRelation::ActiveRecord_AssociationRelation_Stylist:0x007fec26a98340>,#<ActiveRecord::AssociationRelation::ActiveRecord_AssociationRelation_Stylist:0x007fec26a0b260>
78,South End,Charlotte,North Carolina,29,#<ActiveRecord::AssociationRelation::ActiveRecord_AssociationRelation_Stylist:0x007fec268fb348>,#<ActiveRecord::AssociationRelation::ActiveRecord_AssociationRelation_Stylist:0x007fec268fa150>
77,North Raleigh - Creedmoor,Raleigh,North Carolina,29,#<ActiveRecord::AssociationRelation::ActiveRecord_AssociationRelation_Stylist:0x007fec262ea940>,#<ActiveRecord::AssociationRelation::ActiveRecord_AssociationRelation_Stylist:0x007fec262e98b0>
76,Brentwood - Maryland Farms,Brentwood,Tennessee,31,#<ActiveRecord::AssociationRelation::ActiveRecord_AssociationRelation_Stylist:0x007fec26828380>,#<ActiveRecord::AssociationRelation::ActiveRecord_AssociationRelation_Stylist:0x007fec262732c8>
75,Minneapolis - Burnsville,Burnsville,Minnesota,35,#<ActiveRecord::AssociationRelation::ActiveRecord_AssociationRelation_Stylist:0x007fec5a45d208>,#<ActiveRecord::AssociationRelation::ActiveRecord_AssociationRelation_Stylist:0x007fec5a45c178>
74,Danville,Danville,California,18,#<ActiveRecord::AssociationRelation::ActiveRecord_AssociationRelation_Stylist:0x007fec5a49f108>, 
73,Walnut Creek,Walnut Creek,California,38,#<ActiveRecord::AssociationRelation::ActiveRecord_AssociationRelation_Stylist:0x007fec25f4bbb8>,#<ActiveRecord::AssociationRelation::ActiveRecord_AssociationRelation_Stylist:0x007fec25f4ab28>
72,Southlands,Aurora,Colorado,46,#<ActiveRecord::AssociationRelation::ActiveRecord_AssociationRelation_Stylist:0x007fec261f24c0>,#<ActiveRecord::AssociationRelation::ActiveRecord_AssociationRelation_Stylist:0x007fec261f1430>
71,New Tampa/Wesley Chapel,New Tampa,Florida,25,#<ActiveRecord::AssociationRelation::ActiveRecord_AssociationRelation_Stylist:0x007fec59e9f690>,#<ActiveRecord::AssociationRelation::ActiveRecord_AssociationRelation_Stylist:0x007fec59e9e600>
70,Tucson - 1st Ave,Tucson,Arizona,29,#<ActiveRecord::AssociationRelation::ActiveRecord_AssociationRelation_Stylist:0x007fec25e09890>,#<ActiveRecord::AssociationRelation::ActiveRecord_AssociationRelation_Stylist:0x007fec25e08800>
69,Cary,Cary,North Carolina,32,#<ActiveRecord::AssociationRelation::ActiveRecord_AssociationRelation_Stylist:0x007fec261ba2c8>,#<ActiveRecord::AssociationRelation::ActiveRecord_AssociationRelation_Stylist:0x007fec261b9210>
68,Centennial - Ann & 95,Las Vegas,Nevada,36,#<ActiveRecord::AssociationRelation::ActiveRecord_AssociationRelation_Stylist:0x007fec59ee76e8>,#<ActiveRecord::AssociationRelation::ActiveRecord_AssociationRelation_Stylist:0x007fec59ee6658>
67,Orchard Town Center,Westminster,Colorado,37,#<ActiveRecord::AssociationRelation::ActiveRecord_AssociationRelation_Stylist:0x007fec25d5b948>,#<ActiveRecord::AssociationRelation::ActiveRecord_AssociationRelation_Stylist:0x007fec25d5a890>
66,SouthPark,Charlotte,North Carolina,29,#<ActiveRecord::AssociationRelation::ActiveRecord_AssociationRelation_Stylist:0x007fec260f3920>, 
65,McFarland Road,Rockford,Illinois,27,#<ActiveRecord::AssociationRelation::ActiveRecord_AssociationRelation_Stylist:0x007fec59f248e0>,#<ActiveRecord::AssociationRelation::ActiveRecord_AssociationRelation_Stylist:0x007fec2609b7e8>
64,Yellowstone Drive,Madison,Wisconsin,22,#<ActiveRecord::AssociationRelation::ActiveRecord_AssociationRelation_Stylist:0x007fec2602bee8>, 
63,El Cajon,El Cajon,California,27,#<ActiveRecord::AssociationRelation::ActiveRecord_AssociationRelation_Stylist:0x007fec2600b968>,#<ActiveRecord::AssociationRelation::ActiveRecord_AssociationRelation_Stylist:0x007fec2600a8d8>
62,Rocklin,Rocklin,California,36,#<ActiveRecord::AssociationRelation::ActiveRecord_AssociationRelation_Stylist:0x007fec59f9fec8>,#<ActiveRecord::AssociationRelation::ActiveRecord_AssociationRelation_Stylist:0x007fec59f9ee38>
61,Cascade Marketplace,Vancouver,Washington,32,#<ActiveRecord::AssociationRelation::ActiveRecord_AssociationRelation_Stylist:0x007fec59fbd950>,#<ActiveRecord::AssociationRelation::ActiveRecord_AssociationRelation_Stylist:0x007fec59fbc8c0>
60,Nashville - Belle Meade,Nashville,Tennessee,27,#<ActiveRecord::AssociationRelation::ActiveRecord_AssociationRelation_Stylist:0x007fec25cbaa98>,#<ActiveRecord::AssociationRelation::ActiveRecord_AssociationRelation_Stylist:0x007fec25cb99b8>
59,Downtown Bellevue - Elements Too Building,Bellevue,Washington,34,#<ActiveRecord::AssociationRelation::ActiveRecord_AssociationRelation_Stylist:0x007fec25c89fd8>, 
58,Williston,Williston,Vermont,22,#<ActiveRecord::AssociationRelation::ActiveRecord_AssociationRelation_Stylist:0x007fec566b15d0>,#<ActiveRecord::AssociationRelation::ActiveRecord_AssociationRelation_Stylist:0x007fec566b0540>
57,Fort Collins- Arbor Plaza,Fort Collins,Colorado,29,#<ActiveRecord::AssociationRelation::ActiveRecord_AssociationRelation_Stylist:0x007fec5a4cc838>, 
56,UNCC,Charlotte,North Carolina,22,#<ActiveRecord::AssociationRelation::ActiveRecord_AssociationRelation_Stylist:0x007fec5a4fff80>,#<ActiveRecord::AssociationRelation::ActiveRecord_AssociationRelation_Stylist:0x007fec5a4feef0>
55,San Francisco - Market Street,San Francisco,California,33,#<ActiveRecord::AssociationRelation::ActiveRecord_AssociationRelation_Stylist:0x007fec5a51ef48>, 
54,Cloverdale Plaza,Winston-Salem,North Carolina,25,#<ActiveRecord::AssociationRelation::ActiveRecord_AssociationRelation_Stylist:0x007fec256ead98>,#<ActiveRecord::AssociationRelation::ActiveRecord_AssociationRelation_Stylist:0x007fec256e9d08>
53,Arboretum,Charlotte,North Carolina,19,#<ActiveRecord::AssociationRelation::ActiveRecord_AssociationRelation_Stylist:0x007fec5a55e850>, 
52,Bearden,Knoxville,Tennessee,21,#<ActiveRecord::AssociationRelation::ActiveRecord_AssociationRelation_Stylist:0x007fec5a57c468>,#<ActiveRecord::AssociationRelation::ActiveRecord_AssociationRelation_Stylist:0x007fec25683300>
51,Carrollwood,Tampa,Florida,24,#<ActiveRecord::AssociationRelation::ActiveRecord_AssociationRelation_Stylist:0x007fec5a5afc78>,#<ActiveRecord::AssociationRelation::ActiveRecord_AssociationRelation_Stylist:0x007fec5a5aebe8>
50,The District,Henderson,Nevada,75,#<ActiveRecord::AssociationRelation::ActiveRecord_AssociationRelation_Stylist:0x007fec5a5df1a8>,#<ActiveRecord::AssociationRelation::ActiveRecord_AssociationRelation_Stylist:0x007fec5a5de118>
49,Deer Creek,Overland Park,Kansas,25,#<ActiveRecord::AssociationRelation::ActiveRecord_AssociationRelation_Stylist:0x007fec25620700>, 
48,Encinitas,Encinitas,California,38,#<ActiveRecord::AssociationRelation::ActiveRecord_AssociationRelation_Stylist:0x007fec5a62f248>,#<ActiveRecord::AssociationRelation::ActiveRecord_AssociationRelation_Stylist:0x007fec5a62e1b8>
47,Thousand Oaks,Thousand Oaks,California,31,#<ActiveRecord::AssociationRelation::ActiveRecord_AssociationRelation_Stylist:0x007fec5a66cd50>,#<ActiveRecord::AssociationRelation::ActiveRecord_AssociationRelation_Stylist:0x007fec255cbc78>
46,Santa Clarita,Santa Clarita,California,33,#<ActiveRecord::AssociationRelation::ActiveRecord_AssociationRelation_Stylist:0x007fec5a6a7040>,#<ActiveRecord::AssociationRelation::ActiveRecord_AssociationRelation_Stylist:0x007fec5a6a5fb0>
45,Fashion Valley,San Diego,California,32,#<ActiveRecord::AssociationRelation::ActiveRecord_AssociationRelation_Stylist:0x007fec5a6ccb10>,#<ActiveRecord::AssociationRelation::ActiveRecord_AssociationRelation_Stylist:0x007fec255828e8>
44,Tropicana & 215,Las Vegas,Nevada,22, , 
43,Buffalo,Las Vegas,Nevada,16,#<ActiveRecord::AssociationRelation::ActiveRecord_AssociationRelation_Stylist:0x007fec5a726e08>,#<ActiveRecord::AssociationRelation::ActiveRecord_AssociationRelation_Stylist:0x007fec5a725d78>
42,Cascade East,Grand Rapids,Michigan,27,#<ActiveRecord::AssociationRelation::ActiveRecord_AssociationRelation_Stylist:0x007fec5a74ffb0>,#<ActiveRecord::AssociationRelation::ActiveRecord_AssociationRelation_Stylist:0x007fec5a74ef20>
41,Plano - Midway Hills,Plano,Texas,17,#<ActiveRecord::AssociationRelation::ActiveRecord_AssociationRelation_Stylist:0x007fec25571f20>,#<ActiveRecord::AssociationRelation::ActiveRecord_AssociationRelation_Stylist:0x007fec25570e90>
40,Enterprise-Arden,Sacramento,California,36,#<ActiveRecord::AssociationRelation::ActiveRecord_AssociationRelation_Stylist:0x007fec5a7a7468>,#<ActiveRecord::AssociationRelation::ActiveRecord_AssociationRelation_Stylist:0x007fec5a7a63d8>
39,Hunnington Place,Louisville,Kentucky,23,#<ActiveRecord::AssociationRelation::ActiveRecord_AssociationRelation_Stylist:0x007fec5a7ceec8>,#<ActiveRecord::AssociationRelation::ActiveRecord_AssociationRelation_Stylist:0x007fec5a7cde38>
38,McKinney - Craig Crossing,McKinney,Texas,20,#<ActiveRecord::AssociationRelation::ActiveRecord_AssociationRelation_Stylist:0x007fec5b812ac8>, 
37,Folsom,Folsom,California,25,#<ActiveRecord::AssociationRelation::ActiveRecord_AssociationRelation_Stylist:0x007fec5b832148>,#<ActiveRecord::AssociationRelation::ActiveRecord_AssociationRelation_Stylist:0x007fec5b8310b8>
36,Dallas - Preston Forest Square,Dallas,Texas,39,#<ActiveRecord::AssociationRelation::ActiveRecord_AssociationRelation_Stylist:0x007fec5b85b048>,#<ActiveRecord::AssociationRelation::ActiveRecord_AssociationRelation_Stylist:0x007fec5b859fb8>
35,Arvada,Arvada,Colorado,22,#<ActiveRecord::AssociationRelation::ActiveRecord_AssociationRelation_Stylist:0x007fec5b88bc70>,#<ActiveRecord::AssociationRelation::ActiveRecord_AssociationRelation_Stylist:0x007fec5b88abe0>
34,Fishers,Fishers,Indiana,31,#<ActiveRecord::AssociationRelation::ActiveRecord_AssociationRelation_Stylist:0x007fec5b8ba200>,#<ActiveRecord::AssociationRelation::ActiveRecord_AssociationRelation_Stylist:0x007fec5b8b9170>
33,Cornelius,Cornelius,North Carolina,24,#<ActiveRecord::AssociationRelation::ActiveRecord_AssociationRelation_Stylist:0x007fec25b1bea8>, 
32,Minneapolis - Edina,Edina,Minnesota,37,#<ActiveRecord::AssociationRelation::ActiveRecord_AssociationRelation_Stylist:0x007fec25b02700>,#<ActiveRecord::AssociationRelation::ActiveRecord_AssociationRelation_Stylist:0x007fec25b01670>
31,Glen Ellyn,Glen Ellyn,Illinois,20,#<ActiveRecord::AssociationRelation::ActiveRecord_AssociationRelation_Stylist:0x007fec25ac8f50>, 
29,LA - Sherman Oaks,Sherman Oaks,California,31, , 
28,East Cobb,Marietta,Georgia,23,#<ActiveRecord::AssociationRelation::ActiveRecord_AssociationRelation_Stylist:0x007fec5b9787a0>, 
27,Sioux Falls - 69th/Minn.,Sioux Falls,South Dakota,32,#<ActiveRecord::AssociationRelation::ActiveRecord_AssociationRelation_Stylist:0x007fec5b99a3f0>,#<ActiveRecord::AssociationRelation::ActiveRecord_AssociationRelation_Stylist:0x007fec5b999360>
26,Roseville,Roseville,California,56,#<ActiveRecord::AssociationRelation::ActiveRecord_AssociationRelation_Stylist:0x007fec5a821e70>,#<ActiveRecord::AssociationRelation::ActiveRecord_AssociationRelation_Stylist:0x007fec5a820de0>
24,Orland Park,Orland Park,Illinois,25,#<ActiveRecord::AssociationRelation::ActiveRecord_AssociationRelation_Stylist:0x007fec5a840ca8>,#<ActiveRecord::AssociationRelation::ActiveRecord_AssociationRelation_Stylist:0x007fec259dbb38>
23,Chester,Chester,Virginia,21,#<ActiveRecord::AssociationRelation::ActiveRecord_AssociationRelation_Stylist:0x007fec259b0730>,#<ActiveRecord::AssociationRelation::ActiveRecord_AssociationRelation_Stylist:0x007fec5b01b630>
22,Hull Street,Midlothian,Virginia,33,#<ActiveRecord::AssociationRelation::ActiveRecord_AssociationRelation_Stylist:0x007fec25961f68>,#<ActiveRecord::AssociationRelation::ActiveRecord_AssociationRelation_Stylist:0x007fec25960ed8>
21,Denver Tech Center,Greenwood Village,Colorado,25,#<ActiveRecord::AssociationRelation::ActiveRecord_AssociationRelation_Stylist:0x007fec25903e18>,#<ActiveRecord::AssociationRelation::ActiveRecord_AssociationRelation_Stylist:0x007fec25902d60>
20,Pleasanton,"Pleasanton, CA ",California,34,#<ActiveRecord::AssociationRelation::ActiveRecord_AssociationRelation_Stylist:0x007fec5b078bc8>, 
19,Castleton,Indianapolis,Indiana,28,#<ActiveRecord::AssociationRelation::ActiveRecord_AssociationRelation_Stylist:0x007fec5b09b2e0>, 
18,Mission Valley,San Diego,California,38,#<ActiveRecord::AssociationRelation::ActiveRecord_AssociationRelation_Stylist:0x007fec254ab168>,#<ActiveRecord::AssociationRelation::ActiveRecord_AssociationRelation_Stylist:0x007fec254a9fc0>
17,Littleton,Littleton,Colorado,23,#<ActiveRecord::AssociationRelation::ActiveRecord_AssociationRelation_Stylist:0x007fec254816d8>,#<ActiveRecord::AssociationRelation::ActiveRecord_AssociationRelation_Stylist:0x007fec25480620>
16,NTCC,Kennesaw,Georgia,19,#<ActiveRecord::AssociationRelation::ActiveRecord_AssociationRelation_Stylist:0x007fec5b113060>, 
15,Cupertino,Cupertino,California,31,#<ActiveRecord::AssociationRelation::ActiveRecord_AssociationRelation_Stylist:0x007fec25403b70>,#<ActiveRecord::AssociationRelation::ActiveRecord_AssociationRelation_Stylist:0x007fec25402a90>
14,Medlock Corners,Duluth,Georgia,21,#<ActiveRecord::AssociationRelation::ActiveRecord_AssociationRelation_Stylist:0x007fec253e31e0>, 
13,West Wichita,Wichita,Kansas,30,#<ActiveRecord::AssociationRelation::ActiveRecord_AssociationRelation_Stylist:0x007fec25391ae8>,#<ActiveRecord::AssociationRelation::ActiveRecord_AssociationRelation_Stylist:0x007fec253909b8>
12,Winward Parkway,Alpharetta,Georgia,25,#<ActiveRecord::AssociationRelation::ActiveRecord_AssociationRelation_Stylist:0x007fec5b17b430>,#<ActiveRecord::AssociationRelation::ActiveRecord_AssociationRelation_Stylist:0x007fec5b17a3a0>
11,Carmel,Carmel,Indiana,28,#<ActiveRecord::AssociationRelation::ActiveRecord_AssociationRelation_Stylist:0x007fec258a1150>,#<ActiveRecord::AssociationRelation::ActiveRecord_AssociationRelation_Stylist:0x007fec258a0098>
10,Overland Park - 95th,Overland Park,Kansas,33,#<ActiveRecord::AssociationRelation::ActiveRecord_AssociationRelation_Stylist:0x007fec5b1c8af0>,#<ActiveRecord::AssociationRelation::ActiveRecord_AssociationRelation_Stylist:0x007fec25863a08>
9,Aurora,Aurora,Colorado,24,#<ActiveRecord::AssociationRelation::ActiveRecord_AssociationRelation_Stylist:0x007fec5b1f0190>,#<ActiveRecord::AssociationRelation::ActiveRecord_AssociationRelation_Stylist:0x007fec25303090>
8,La Jolla,La Jolla,California,21,#<ActiveRecord::AssociationRelation::ActiveRecord_AssociationRelation_Stylist:0x007fec252ebeb8>,#<ActiveRecord::AssociationRelation::ActiveRecord_AssociationRelation_Stylist:0x007fec252eae28>
7,Centennial,Centennial,Colorado,21,#<ActiveRecord::AssociationRelation::ActiveRecord_AssociationRelation_Stylist:0x007fec4e9110a8>,#<ActiveRecord::AssociationRelation::ActiveRecord_AssociationRelation_Stylist:0x007fec4e981c18>
6,Fountain Oaks,Atlanta,Georgia,30,#<ActiveRecord::AssociationRelation::ActiveRecord_AssociationRelation_Stylist:0x007fec5b198eb8>,#<ActiveRecord::AssociationRelation::ActiveRecord_AssociationRelation_Stylist:0x007fec5b1cbe08>
5,East Wichita,Wichita,Kansas,29,#<ActiveRecord::AssociationRelation::ActiveRecord_AssociationRelation_Stylist:0x007fec5b158020>,#<ActiveRecord::AssociationRelation::ActiveRecord_AssociationRelation_Stylist:0x007fec5b12ae68>
4,Highlands Ranch,Highlands Ranch,Colorado,29,#<ActiveRecord::AssociationRelation::ActiveRecord_AssociationRelation_Stylist:0x007fec5b0b30c0>,#<ActiveRecord::AssociationRelation::ActiveRecord_AssociationRelation_Stylist:0x007fec5b0b2008>
3,Cherry Creek,Denver,Colorado,44,#<ActiveRecord::AssociationRelation::ActiveRecord_AssociationRelation_Stylist:0x007fec5b038a00>,#<ActiveRecord::AssociationRelation::ActiveRecord_AssociationRelation_Stylist:0x007fec5b07b940>
2,Boulder,Boulder,Colorado,41,#<ActiveRecord::AssociationRelation::ActiveRecord_AssociationRelation_Stylist:0x007fec5b96a2b8>,#<ActiveRecord::AssociationRelation::ActiveRecord_AssociationRelation_Stylist:0x007fec5b969228>
